Date,FSHBB,M,r_FSHBB,r_M,Rf,r_FSHBB - Rf,r_M- Rf
2010-09-06,23.93,75.08,,,,,
2010-09-13,24.24,75.95,0.012977022,0.011521017,2.69231E-05,0.012950099,0.011494094
2010-09-20,24.50,77.33,0.010517211,0.01800675,2.88462E-05,0.010488365,0.017977903
2010-09-27,24.64,77.16,0.005606134,-0.002200791,3.07692E-05,0.005575364,-0.00223156
2010-10-04,25.07,78.38,0.017479794,0.015687605,3.07692E-05,0.017449025,0.015656836
2010-10-11,25.19,78.77,0.004760608,0.004963421,0.000025,0.004735608,0.004938421
2010-10-18,25.32,79.2,0.005234728,0.005444085,2.69231E-05,0.005207805,0.005417162
2010-10-25,25.34,79.18,0.00049714,-0.000252557,2.69231E-05,0.000470217,-0.00027948
2010-11-01,26.04,81.35,0.027211181,0.027037092,0.000025,0.027186181,0.027012092
2010-11-08,25.56,79.77,-0.018550434,-0.01961334,0.000025,-0.018575434,-0.01963834
2010-11-15,25.60,79.81,0.001723052,0.000501316,0.000025,0.001698052,0.000476316
2010-11-22,25.34,78.99,-0.010135104,-0.010327548,2.69231E-05,-0.010162027,-0.010354471
2010-11-29,26.08,81.2,0.028653667,0.027593985,3.07692E-05,0.028622897,0.027563216
2010-12-06,26.43,82.24,0.013429797,0.012726555,3.07692E-05,0.013399028,0.012695785
2010-12-13,26.65,82.83,0.008066071,0.007148513,2.69231E-05,0.008039148,0.00712159
2010-12-20,26.58,83.32,-0.002365625,0.005898302,2.69231E-05,-0.002392548,0.005871379
2010-12-27,26.78,83.21,0.007407708,-0.001321083,2.69231E-05,0.007380785,-0.001348007
2011-01-03,26.92,83.56,0.005197555,0.004197404,2.69231E-05,0.005170632,0.004170481
2011-01-10,27.14,84.24,0.007979152,0.008104931,2.69231E-05,0.007952229,0.008078008
2011-01-17,27.19,84.38,0.002101613,0.001660539,2.88462E-05,0.002072767,0.001631693
2011-01-24,27.07,83.96,-0.004675788,-0.004989912,3.07692E-05,-0.004706557,-0.005020681
2011-01-31,27.63,85.68,0.020413434,0.020278931,3.07692E-05,0.020382665,0.020248162
2011-02-07,27.89,86.4,0.009369931,0.00836825,2.88462E-05,0.009341084,0.008339404
2011-02-14,28.26,87.43,0.013332389,0.011850797,2.69231E-05,0.013305466,0.011823874
2011-02-21,27.92,86.29,-0.012195482,-0.013124757,2.11538E-05,-0.012216636,-0.013145911
2011-02-28,28.04,86.64,0.004308109,0.004047886,0.000025,0.004283109,0.004022886
2011-03-07,27.79,85.77,-0.008862755,-0.010092308,0.000025,-0.008887755,-0.010117308
2011-03-14,27.29,84.22,-0.018197069,-0.018236872,1.92308E-05,-0.018216299,-0.018256103
2011-03-21,27.83,86.44,0.01956543,0.026018109,1.73077E-05,0.019548122,0.026000801
2011-03-28,28.47,87.77,0.022674965,0.015269225,1.73077E-05,0.022657658,0.015251917
2011-04-04,28.54,87.96,0.002689273,0.002162409,1.73077E-05,0.002671965,0.002145101
2011-04-11,28.55,87.93,0.000223742,-0.000341122,9.61538E-06,0.000214127,-0.000350738
2011-04-18,28.80,88.7,0.008688822,0.008718846,1.15385E-05,0.008677283,0.008707307
2011-04-25,29.46,90.75,0.02259152,0.022848584,1.15385E-05,0.022579982,0.022837045
2011-05-02,29.03,89.38,-0.014417331,-0.01521153,1.15385E-05,-0.01442887,-0.015223068
2011-05-09,29.18,89.64,0.004828864,0.002904705,5.76923E-06,0.004823094,0.002898936
2011-05-16,29.18,89.55,0.00000,-0.00100452,5.76923E-06,-5.76923E-06,-0.00101029
2011-05-23,29.02,89.01,-0.005489079,-0.006048406,9.61538E-06,-0.005498694,-0.006058021
2011-05-30,28.39,87.02,-0.021812441,-0.022610746,1.15385E-05,-0.02182398,-0.022622284
2011-06-06,27.94,85.65,-0.016105787,-0.015868753,9.61538E-06,-0.016115402,-0.015878368
2011-06-13,28.17,86.24,0.008198989,0.006864882,9.61538E-06,0.008189373,0.006855267
2011-06-20,27.80,85.65,-0.013012608,-0.006864882,9.61538E-06,-0.013022223,-0.006874498
2011-06-27,29.31,89.66,0.05296641,0.045755514,3.84615E-06,0.052962564,0.045751668
2011-07-04,29.41,89.9,0.003288304,0.002673203,3.84615E-06,0.003284458,0.002669357
2011-07-11,28.96,88.45,-0.015438761,-0.016260521,3.84615E-06,-0.015442607,-0.016264367
2011-07-18,29.31,89.52,0.011930813,0.012024643,3.84615E-06,0.011926967,0.012020797
2011-07-25,28.17,86,-0.039651474,-0.040114768,5.76923E-06,-0.039657243,-0.040120537
2011-08-01,26.64,81.28,-0.055681144,-0.056447312,1.34615E-05,-0.055694605,-0.056460774
2011-08-08,26.28,80.04,-0.013866336,-0.015373474,7.69231E-06,-0.013874028,-0.015381166
2011-08-15,25.68,78.06,-0.022795628,-0.025048748,5.76923E-06,-0.022801397,-0.025054517
2011-08-22,26.58,80.86,0.034243615,0.035241502,3.84615E-06,0.034239769,0.035237656
2011-08-29,26.62,80.89,0.00169354,0.000370943,1.92308E-06,0.001691617,0.00036902
2011-09-05,26.19,79.54,-0.016577395,-0.016830167,3.84615E-06,-0.016581241,-0.016834013
2011-09-12,27.43,83.19,0.046352519,0.044867109,3.84615E-06,0.046348673,0.044863262
2011-09-19,25.71,78.62,-0.06471075,-0.056501028,1.92308E-06,-0.064712673,-0.056502951
2011-09-26,26.22,79.45,0.019639131,0.010501773,1.92308E-06,0.019637208,0.01049985
2011-10-03,26.64,80.75,0.015953365,0.016230069,3.84615E-06,0.015949519,0.016226223
2011-10-10,27.82,84.29,0.043360898,0.042905272,1.92308E-06,0.043358975,0.042903349
2011-10-17,28.33,85.74,0.018022705,0.017056227,3.84615E-06,0.018018859,0.017052381
2011-10-24,28.93,87.56,0.021072341,0.021004811,5.76923E-06,0.021066572,0.020999042
2011-10-31,28.37,85.79,-0.019699433,-0.020421823,3.84615E-06,-0.019703279,-0.020425669
2011-11-07,28.79,86.99,0.014754444,0.01389072,1.92308E-06,0.01475252,0.013888797
2011-11-14,27.96,84.44,-0.029033861,-0.029751947,1.92308E-06,-0.029035784,-0.02975387
2011-11-21,26.84,80.94,-0.040957253,-0.042333084,1.92308E-06,-0.040959176,-0.042335007
2011-11-28,28.56,86.06,0.062073536,0.061336588,3.84615E-06,0.06206969,0.061332742
2011-12-05,28.90,87.05,0.011740854,0.011437939,3.84615E-06,0.011737008,0.011434093
2011-12-12,28.57,86,-0.011286775,-0.01213537,1.92308E-06,-0.011288698,-0.012137293
2011-12-19,29.46,89.37,0.030407035,0.038437759,1.92308E-06,0.030405112,0.038435836
2011-12-26,29.61,88.99,0.005102798,-0.004261052,1.92308E-06,0.005100875,-0.004262975
2012-01-02,29.82,89.46,0.0070457,0.005267594,3.84615E-06,0.007041854,0.005263748
2012-01-09,30.01,89.99,0.006559584,0.005906955,3.84615E-06,0.006555738,0.005903109
2012-01-16,30.48,91.5,0.015356967,0.016640419,3.84615E-06,0.015353121,0.016636573
2012-01-23,30.30,90.84,-0.005811702,-0.007239255,7.69231E-06,-0.005819395,-0.007246947
2012-01-30,30.70,92.1,0.013082787,0.013775226,9.61538E-06,0.013073171,0.013765611
2012-02-06,30.58,91.7,-0.004056852,-0.004352564,1.34615E-05,-0.004070314,-0.004366026
2012-02-13,31.03,92.87,0.014654972,0.012678287,1.73077E-05,0.014637664,0.012660979
2012-02-20,31.06,92.92,0.00105338,0.000538242,2.11538E-05,0.001032226,0.000517088
2012-02-27,31.13,93.07,0.002314052,0.00161299,1.73077E-05,0.002296744,0.001595683
2012-03-05,31.19,93.14,0.001889498,0.000751839,1.73077E-05,0.00187219,0.000734532
2012-03-12,31.79,94.88,0.018905569,0.018509198,1.53846E-05,0.018890184,0.018493813
2012-03-19,31.62,94.35,-0.005158288,-0.005601663,1.73077E-05,-0.005175595,-0.005618971
2012-03-26,31.71,95.26,0.002685891,0.009598724,1.73077E-05,0.002668583,0.009581416
2012-04-02,31.63,94.3,-0.002311157,-0.010128806,1.53846E-05,-0.002326542,-0.01014419
2012-04-09,31.05,92.48,-0.018703753,-0.019488785,1.53846E-05,-0.018719137,-0.019504169
2012-04-16,31.57,94.05,0.016828297,0.016834151,1.73077E-05,0.016810989,0.016816843
2012-04-23,31.98,95.25,0.012643573,0.012678458,1.53846E-05,0.012628189,0.012663074
2012-04-30,31.45,93.61,-0.01661421,-0.017367799,1.73077E-05,-0.016631518,-0.017385106
2012-05-07,31.19,92.73,-0.008412963,-0.009445171,1.73077E-05,-0.008430271,-0.009462478
2012-05-14,30.24,89.86,-0.03066617,-0.031439141,1.92308E-05,-0.0306854,-0.031458372
2012-05-21,30.58,90.76,0.01104544,0.009965756,1.73077E-05,0.011028133,0.009948449
2012-05-28,29.84,88.48,-0.02463897,-0.025442122,1.73077E-05,-0.024656278,-0.02545943
2012-06-04,30.84,91.46,0.033217173,0.03312518,1.53846E-05,0.033201788,0.033109796
2012-06-11,31.40,93.05,0.017987926,0.017235265,1.73077E-05,0.017970618,0.017217957
2012-06-18,31.26,92.48,-0.004624796,-0.006144578,1.92308E-05,-0.004644027,-0.006163809
2012-06-25,31.69,94.56,0.013810365,0.022242149,1.73077E-05,0.013793057,0.022224841
2012-07-02,31.80,94.06,0.003453409,-0.005301677,1.73077E-05,0.003436102,-0.005318985
2012-07-09,32.03,94.64,0.007070901,0.006147343,1.73077E-05,0.007053593,0.006130035
2012-07-16,32.22,95.05,0.005992603,0.004322849,1.92308E-05,0.005973372,0.004303618
2012-07-23,32.71,96.65,0.014927665,0.016693137,1.73077E-05,0.014910357,0.016675829
2012-07-30,32.83,96.9,0.003848282,0.002583313,1.92308E-05,0.003829051,0.002564082
2012-08-06,33.08,97.55,0.007654052,0.006685548,1.92308E-05,0.007634821,0.006666317
2012-08-13,33.18,97.69,0.002804875,0.001434133,2.11538E-05,0.002783721,0.001412979
2012-08-20,32.92,96.92,-0.007631954,-0.007913304,1.92308E-05,-0.007651185,-0.007932534
2012-08-27,32.88,96.66,-0.00141232,-0.00268623,2.11538E-05,-0.001433474,-0.002707383
2012-09-03,33.43,98.27,0.016618662,0.016519126,1.92308E-05,0.016599431,0.016499895
2012-09-10,33.90,99.55,0.013999968,0.012941238,2.11538E-05,0.013978814,0.012920084
2012-09-17,33.95,99.72,0.00156549,0.001706228,1.92308E-05,0.001546259,0.001686997
2012-09-24,33.46,98.96,-0.014771192,-0.007650531,2.11538E-05,-0.014792345,-0.007671684
2012-10-01,34.30,100.53,0.024829231,0.015740462,1.92308E-05,0.02481,0.015721232
2012-10-08,33.57,98.37,-0.021293825,-0.021720311,1.92308E-05,-0.021313056,-0.021739542
2012-10-15,33.81,99.11,0.007148402,0.007494465,1.92308E-05,0.007129171,0.007475234
2012-10-22,33.35,97.72,-0.013746828,-0.014124098,1.92308E-05,-0.013766059,-0.014143329
2012-10-29,33.37,97.67,0.000401141,-0.000511797,2.11538E-05,0.000379987,-0.000532951
2012-11-05,32.58,95.36,-0.023740183,-0.023935246,2.11538E-05,-0.023761337,-0.0239564
2012-11-12,32.05,93.61,-0.016563949,-0.018521988,1.92308E-05,-0.016583179,-0.018541219
2012-11-19,33.09,96.61,0.031846677,0.03154504,1.73077E-05,0.031829369,0.031527732
2012-11-26,33.27,97.08,0.005646083,0.004853125,1.73077E-05,0.005628776,0.004835818
2012-12-03,33.45,97.48,0.005214605,0.004111848,1.73077E-05,0.005197297,0.00409454
2012-12-10,33.41,97.25,-0.001000506,-0.002362246,1.92308E-05,-0.001019737,-0.002381477
2012-12-17,33.23,97.6,-0.005421487,0.003592511,1.34615E-05,-0.005434949,0.003579049
2012-12-24,32.86,95.62,-0.011334759,-0.02049549,1.15385E-05,-0.011346297,-0.020507029
2012-12-31,34.23,99.6,0.040896267,0.040780161,1.15385E-05,0.040884729,0.040768623
2013-01-07,34.37,99.88,0.004136361,0.002807301,1.34615E-05,0.0041229,0.002793839
2013-01-14,34.81,101.18,0.012696931,0.012931643,1.34615E-05,0.01268347,0.012918182
2013-01-21,35.26,102.41,0.01272918,0.012083255,1.53846E-05,0.012713796,0.012067871
2013-01-28,35.55,103.22,0.008396581,0.007878269,1.53846E-05,0.008381197,0.007862884
2013-02-04,35.63,103.38,0.002088435,0.001548887,1.34615E-05,0.002074973,0.001535426
2013-02-11,35.78,103.65,0.004163803,0.002608319,1.34615E-05,0.004150341,0.002594858
2013-02-18,35.95,104.07,0.004898111,0.004043911,1.92308E-05,0.004878881,0.00402468
2013-02-25,36.10,104.38,0.004126097,0.002974337,0.000025,0.004101097,0.002949337
2013-03-04,36.72,106.19,0.017072269,0.017191856,2.30769E-05,0.017049192,0.017168779
2013-03-11,36.91,106.59,0.004955538,0.003759756,1.92308E-05,0.004936307,0.003740526
2013-03-18,36.75,106.82,-0.004219921,0.002155476,1.92308E-05,-0.004239152,0.002136245
2013-03-25,37.28,107.66,0.014349404,0.007832938,1.34615E-05,0.014335943,0.007819477
2013-04-01,37.17,107.21,-0.002923731,-0.004188585,1.53846E-05,-0.002939116,-0.00420397
2013-04-08,38.00,109.51,0.022078609,0.021226341,1.34615E-05,0.022065148,0.02121288
2013-04-15,37.53,108.23,-0.012427053,-0.011757277,1.34615E-05,-0.012440514,-0.011770739
2013-04-22,38.14,109.86,0.01600027,0.014948236,1.15385E-05,0.015988732,0.014936697
2013-04-29,38.55,111.08,0.010644197,0.011043835,9.61538E-06,0.010634582,0.011034219
2013-05-06,38.74,111.46,0.005104375,0.00341512,9.61538E-06,0.005094759,0.003405504
2013-05-13,39.71,114.15,0.024624116,0.023847591,7.69231E-06,0.024616423,0.023839899
2013-05-20,39.39,113.07,-0.008083331,-0.009506277,7.69231E-06,-0.008091024,-0.009513969
2013-05-27,38.68,111.14,-0.018122321,-0.017216428,7.69231E-06,-0.018130013,-0.01722412
2013-06-03,39.22,112.48,0.013795917,0.01198476,9.61538E-06,0.013786301,0.011975145
2013-06-10,39.02,111.82,-0.005216653,-0.005884992,9.61538E-06,-0.005226268,-0.005894608
2013-06-17,38.31,109.69,-0.018297691,-0.01923223,9.61538E-06,-0.018307306,-0.019241846
2013-06-24,38.34,110.79,0.000887743,0.009978312,9.61538E-06,0.000878128,0.009968697
2013-07-01,39.14,112.04,0.020509532,0.011219433,1.15385E-05,0.020497994,0.011207894
2013-07-08,40.19,115.04,0.026608359,0.026423944,7.69231E-06,0.026600667,0.026416251
2013-07-15,40.49,115.74,0.007474188,0.006066402,7.69231E-06,0.007466495,0.00605871
2013-07-22,40.45,115.67,-0.001016132,-0.000604987,5.76923E-06,-0.001021901,-0.000610756
2013-07-29,40.75,116.45,0.007426228,0.006720687,5.76923E-06,0.007420459,0.006714918
2013-08-05,40.36,115.19,-0.009630594,-0.010879057,7.69231E-06,-0.009638287,-0.01088675
2013-08-12,39.36,112.21,-0.025100407,-0.026210823,9.61538E-06,-0.025110023,-0.026220439
2013-08-19,39.53,112.62,0.004169718,0.003647204,9.61538E-06,0.004160103,0.003637589
2013-08-26,38.78,110.45,-0.019078308,-0.01945639,7.69231E-06,-0.019086001,-0.019464082
2013-09-02,38.99,110.94,0.005463095,0.004426585,5.76923E-06,0.005457326,0.004420816
2013-09-09,39.86,113.35,0.022074325,0.021490862,3.84615E-06,0.022070479,0.021487016
2013-09-16,40.40,114.8,0.013319906,0.012711107,3.84615E-06,0.01331606,0.012707261
2013-09-23,39.61,113.37,-0.019700673,-0.012534678,1.92308E-06,-0.019702596,-0.012536601
2013-09-30,39.75,112.89,0.003627075,-0.004242913,3.84615E-06,0.003623228,-0.004246759
2013-10-07,40.20,114.03,0.01122533,0.010047678,3.84615E-06,0.011221483,0.010043832
2013-10-14,41.09,116.52,0.021743886,0.02160136,9.61538E-06,0.02173427,0.021591745
2013-10-21,41.55,117.8,0.011195584,0.010925339,1.53846E-05,0.0111802,0.010909955
2013-10-28,41.71,118.21,0.003814598,0.003474433,7.69231E-06,0.003806906,0.00346674
2013-11-04,42.16,119.35,0.010702265,0.009597649,7.69231E-06,0.010694573,0.009589957
2013-11-11,42.62,120.58,0.010912651,0.01025308,9.61538E-06,0.010903036,0.010243465
2013-11-18,42.75,120.91,0.003073449,0.002733034,1.53846E-05,0.003058064,0.00271765
2013-11-25,42.54,120.11,-0.005018992,-0.006638478,1.53846E-05,-0.005034376,-0.006653862
2013-12-02,42.53,120.08,-0.000162347,-0.000249802,1.34615E-05,-0.000175808,-0.000263264
2013-12-09,41.83,118.05,-0.01653158,-0.017049924,1.15385E-05,-0.016543118,-0.017061462
2013-12-16,42.39,120.51,0.013279737,0.020624474,1.34615E-05,0.013266276,0.020611012
2013-12-23,43.32,122.1,0.021773855,0.013107644,1.34615E-05,0.021760394,0.013094183
2013-12-30,42.99,121.14,-0.00774533,-0.00789348,1.34615E-05,-0.007758792,-0.007906941
2014-01-06,43.09,121.33,0.002426978,0.001567205,1.34615E-05,0.002413516,0.001553743
2014-01-13,42.98,121,-0.002751247,-0.00272356,9.61538E-06,-0.002760862,-0.002733176
2014-01-20,41.88,117.84,-0.025937035,-0.026462773,7.69231E-06,-0.025944727,-0.026470466
2014-01-27,41.67,117.27,-0.005001631,-0.004848804,7.69231E-06,-0.005009323,-0.004856496
2014-02-03,41.76,117.39,0.002170295,0.001022756,7.69231E-06,0.002162602,0.001015064
2014-02-10,42.79,120.21,0.024546198,0.023738488,1.34615E-05,0.024532736,0.023725027
2014-02-17,42.70,119.75,-0.002117779,-0.003833977,7.69231E-06,-0.002125471,-0.003841669
2014-02-24,43.17,121.05,0.010867374,0.010797447,9.61538E-06,0.010857759,0.010787832
2014-03-03,43.52,121.92,0.008033132,0.007161409,9.61538E-06,0.008023517,0.007151793
2014-03-10,42.90,120.12,-0.014344704,-0.014873849,9.61538E-06,-0.01435432,-0.014883464
2014-03-17,43.55,121.98,0.015144425,0.015365854,9.61538E-06,0.015134809,0.015356238
2014-03-24,43.64,122.92,0.001917072,0.00767664,1.15385E-05,0.001905533,0.007665102
2014-03-31,44.21,123.58,0.012954456,0.005354982,9.61538E-06,0.012944841,0.005345367
2014-04-07,43.36,121.1,-0.01937164,-0.020272069,5.76923E-06,-0.019377409,-0.020277838
2014-04-14,44.40,124.02,0.023801236,0.023826192,7.69231E-06,0.023793544,0.0238185
2014-04-21,44.61,124.59,0.004724773,0.004585503,7.69231E-06,0.00471708,0.004577811
2014-04-28,45.01,125.63,0.008915404,0.008312733,5.76923E-06,0.008909635,0.008306963
2014-05-05,45.01,125.43,-0.000155858,-0.001593245,5.76923E-06,-0.000161627,-0.001599014
2014-05-12,45.00,125.3,-0.000155904,-0.001036972,5.76923E-06,-0.000161674,-0.001042741
2014-05-19,45.35,126.19,0.007758027,0.007077846,5.76923E-06,0.007752258,0.007072077
2014-05-26,45.89,127.69,0.011830772,0.011816744,5.76923E-06,0.011825003,0.011810975
2014-06-02,46.39,129,0.010937422,0.010206953,7.69231E-06,0.010929729,0.010199261
2014-06-09,46.25,128.53,-0.003177788,-0.003650064,7.69231E-06,-0.00318548,-0.003657757
2014-06-16,47.00,130.49,0.016236341,0.015134255,7.69231E-06,0.016228648,0.015126563
2014-06-23,46.50,130.03,-0.010795314,-0.003531402,5.76923E-06,-0.010801083,-0.003537172
2014-06-30,47.23,131.06,0.015679344,0.007890041,5.76923E-06,0.015673575,0.007884271
2014-07-07,47.00,130.37,-0.004944241,-0.005278672,3.84615E-06,-0.004948087,-0.005282518
2014-07-14,47.28,131.06,0.005840454,0.005278672,5.76923E-06,0.005834685,0.005272903
2014-07-21,47.25,130.95,-0.000597527,-0.000839663,3.84615E-06,-0.000601373,-0.000843509
2014-07-28,45.95,127.27,-0.027876558,-0.028504757,5.76923E-06,-0.027882327,-0.028510526
2014-08-04,46.07,127.49,0.002608524,0.001727116,5.76923E-06,0.002602755,0.001721347
2014-08-11,46.65,129,0.012638078,0.011774474,5.76923E-06,0.012632309,0.011768705
2014-08-18,47.35,130.77,0.014719403,0.013627651,7.69231E-06,0.014711711,0.013619958
2014-08-25,47.76,131.9,0.008758448,0.008604005,5.76923E-06,0.008752679,0.008598236
2014-09-01,47.78,131.94,0.000443575,0.000303214,5.76923E-06,0.000437805,0.000297445
2014-09-08,47.38,130.63,-0.008456538,-0.009978374,5.76923E-06,-0.008462307,-0.009984144
2014-09-15,48.07,132.49,0.014348321,0.014138271,3.84615E-06,0.014344475,0.014134425
2014-09-22,47.06,130.66,-0.02107525,-0.013908641,3.84615E-06,-0.021079096,-0.013912488
2014-09-29,47.03,129.55,-0.000767211,-0.008531622,1.92308E-06,-0.000769134,-0.008533545
2014-10-06,45.91,126.34,-0.024016762,-0.025090222,3.84615E-06,-0.024020608,-0.025094068
2014-10-13,45.36,124.88,-0.011993036,-0.011623409,1.92308E-06,-0.011994959,-0.011625332
2014-10-20,47.19,129.85,0.039480062,0.039026662,3.84615E-06,0.039476216,0.039022816
2014-10-27,48.37,133.2,0.024696242,0.02547182,3.84615E-06,0.024692396,0.025467974
2014-11-03,48.95,134.47,0.011978015,0.009489368,3.84615E-06,0.011974169,0.009485522
2014-11-10,49.20,135.01,0.004924672,0.004007724,5.76923E-06,0.004918902,0.004001955
2014-11-17,49.80,136.59,0.012206638,0.011634888,3.84615E-06,0.012202792,0.011631042
2014-11-24,49.84,136.49,0.000713362,-0.000732386,3.84615E-06,0.000709516,-0.000736232
2014-12-01,49.90,136.71,0.001282542,0.001610542,3.84615E-06,0.001278695,0.001606696
2014-12-08,47.91,131.1,-0.040703119,-0.041901503,3.84615E-06,-0.040706965,-0.041905349
2014-12-15,49.13,135.57,0.025199353,0.033527721,5.76923E-06,0.025193583,0.033521952
2014-12-22,50.12,137.11,0.019825032,0.011295411,7.69231E-06,0.01981734,0.011287719
2014-12-29,49.26,134.68,-0.017165749,-0.017881929,5.76923E-06,-0.017171518,-0.017887698
2015-01-05,49.13,134.23,-0.002622709,-0.003346848,5.76923E-06,-0.002628478,-0.003352617
2015-01-12,48.67,133.04,-0.009379763,-0.008904912,5.76923E-06,-0.009385532,-0.008910681
2015-01-19,49.27,134.56,0.012147642,0.011360361,5.76923E-06,0.012141873,0.011354592
2015-01-26,47.86,130.61,-0.029077394,-0.029794413,5.76923E-06,-0.029083163,-0.029800182
2015-02-02,49.24,134.29,0.028495163,0.027785857,3.84615E-06,0.028491317,0.027782011
2015-02-09,50.18,136.71,0.018889209,0.017860253,3.84615E-06,0.018885363,0.017856407
2015-02-16,50.29,136.92,0.002282567,0.00153492,1.92308E-06,0.002280644,0.001532997
2015-02-23,50.20,136.57,-0.001854361,-0.00255951,3.84615E-06,-0.001858207,-0.002563356
2015-03-02,49.14,133.59,-0.021357186,-0.022061896,3.84615E-06,-0.021361032,-0.022065742
2015-03-09,48.67,132.22,-0.00952564,-0.010308206,3.84615E-06,-0.009529487,-0.010312052
2015-03-16,49.81,135.24,0.022999033,0.022583776,5.76923E-06,0.022993263,0.022578007
2015-03-23,48.54,132.66,-0.025800726,-0.019261514,5.76923E-06,-0.025806495,-0.019267283
2015-03-30,49.10,133.23,0.011531322,0.004287494,5.76923E-06,0.011525552,0.004281725
2015-04-06,50.04,135.69,0.018923681,0.018295914,5.76923E-06,0.018917911,0.018290145
2015-04-13,49.69,134.69,-0.007090945,-0.007397031,5.76923E-06,-0.007096714,-0.0074028
2015-04-20,50.44,136.7,0.015133481,0.014812902,3.84615E-06,0.015129634,0.014809056
2015-04-27,50.44,136.71,0,7.31502E-05,5.76923E-06,-5.76923E-06,6.7381E-05
2015-05-04,50.62,136.98,0.003426881,0.001973036,1.92308E-06,0.003424958,0.001971113
2015-05-11,50.75,137.19,0.002562777,0.001531897,1.92308E-06,0.002560854,0.001529973
2015-05-18,50.66,136.78,-0.001707459,-0.002993031,3.84615E-06,-0.001711305,-0.002996877
2015-05-25,50.31,135.74,-0.007003623,-0.007632504,3.84615E-06,-0.007007469,-0.007636351
2015-06-01,49.64,133.94,-0.013283385,-0.013349353,1.92308E-06,-0.013285308,-0.013351276
2015-06-08,49.75,134.09,0.002177523,0.001119278,3.84615E-06,0.002173676,0.001115432
2015-06-15,50.18,135.19,0.008520535,0.00816998,3.84615E-06,0.008516689,0.008166134
2015-06-22,49.54,134.46,-0.01273507,-0.005414439,1.92308E-06,-0.012736993,-0.005416362
2015-06-29,49.31,132.75,-0.004615074,-0.012799097,1.92308E-06,-0.004616997,-0.01280102
2015-07-06,49.38,132.83,0.001326785,0.000602455,1.92308E-06,0.001324862,0.000600532
2015-07-13,50.03,134.6,0.01317154,0.013237302,3.84615E-06,0.013167694,0.013233456
2015-07-20,48.82,131.18,-0.024579934,-0.025736991,3.84615E-06,-0.02458378,-0.025740837
2015-07-27,49.49,132.93,0.013615636,0.013252248,7.69231E-06,0.013607944,0.013244556
2015-08-03,49.04,131.61,-0.009007206,-0.00997967,1.15385E-05,-0.009018744,-0.009991208
2015-08-10,49.47,132.64,0.008566033,0.007795688,1.34615E-05,0.008552572,0.007782226
2015-08-17,46.93,125.71,-0.052687108,-0.053661024,1.92308E-05,-0.052706339,-0.053680255
2015-08-24,46.96,125.76,0.00061972,0.000397662,9.61538E-06,0.000610105,0.000388046
2015-08-31,45.41,121.5,-0.033554536,-0.034461066,1.15385E-05,-0.033566074,-0.034472604
2015-09-07,46.12,123.36,0.015578301,0.015192647,7.69231E-06,0.015570608,0.015184955
2015-09-14,46.24,123.53,0.002520296,0.001377132,7.69231E-06,0.002512604,0.001369439
2015-09-21,45.53,122.71,-0.01537857,-0.006660194,7.69231E-06,-0.015386263,-0.006667886
2015-09-28,46.55,124.32,0.022204375,0.013035039,0,0.022204375,0.013035039
2015-10-05,48.44,129.19,0.039699269,0.038425302,0,0.039699269,0.038425302
2015-10-12,48.89,130.42,0.009195757,0.009475823,0,0.009195757,0.009475823
2015-10-19,49.94,133.1,0.021231569,0.020340713,1.92308E-06,0.021229646,0.02033879
2015-10-26,49.82,132.74,-0.002205996,-0.002708398,1.92308E-06,-0.002207919,-0.002710321
2015-11-02,50.14,133.47,0.006311185,0.005484406,9.61538E-06,0.006301569,0.00547479
2015-11-09,48.63,129.33,-0.030602739,-0.031509456,1.15385E-05,-0.030614277,-0.031520995
2015-11-16,50.00,132.75,0.027819115,0.026100383,2.69231E-05,0.027792192,0.02607346
2015-11-23,50.07,132.87,0.001466114,0.000903546,0.000025,0.001441114,0.000878546
2015-11-30,50.05,132.8,-0.000439523,-0.00052697,3.26923E-05,-0.000472215,-0.000559662
2015-12-07,48.35,128.19,-0.034594202,-0.035330699,4.03846E-05,-0.034634587,-0.035371083
2015-12-14,48.42,128.29,0.001516022,0.000779788,0.00005,0.001466022,0.000729788
2015-12-21,49.41,132.05,0.020096661,0.028887312,4.61538E-05,0.020050507,0.028841159
2015-12-28,49.42,130.89,0.00016723,-0.008823363,4.03846E-05,0.000126845,-0.008863748
2016-01-04,46.85,123.92,-0.053385117,-0.05472108,4.03846E-05,-0.053425501,-0.054761464
2016-01-11,46.20,122.15,-0.013843891,-0.014386398,4.03846E-05,-0.013884276,-0.014426783
2016-01-18,46.70,123.45,0.010678335,0.010586418,4.23077E-05,0.010636027,0.01054411
2016-01-25,48.02,126.96,0.027981504,0.02803586,5.38462E-05,0.027927658,0.027982014
2016-02-01,47.19,124.63,-0.017416141,-0.018522728,6.15385E-05,-0.017477679,-0.018584267
2016-02-08,47.05,124.07,-0.002984902,-0.004503425,6.15385E-05,-0.00304644,-0.004564964
2016-02-15,48.22,127.03,0.024554278,0.023577357,5.76923E-05,0.024496586,0.023519664
2016-02-22,48.65,128.07,0.008864811,0.00815371,5.76923E-05,0.008807119,0.008096018
2016-02-29,49.99,131.57,0.027168609,0.02696204,6.15385E-05,0.02710707,0.026900501
2016-03-07,50.70,133.22,0.014115725,0.012462868,5.96154E-05,0.01405611,0.012403252
2016-03-14,50.99,134.93,0.005678162,0.012754228,5.96154E-05,0.005618546,0.012694613
2016-03-21,51.01,133.97,0.000319529,-0.007140231,5.96154E-05,0.000259913,-0.007199847
2016-03-28,51.70,135.67,0.013500942,0.012609572,5.76923E-05,0.01344325,0.01255188
2016-04-04,51.17,134.22,-0.010290757,-0.010745222,4.42308E-05,-0.010334987,-0.010789453
2016-04-11,51.87,136.02,0.013457672,0.013321689,4.42308E-05,0.013413441,0.013277458
2016-04-18,52.09,136.55,0.004303377,0.003888914,4.23077E-05,0.004261069,0.003846606
2016-04-25,51.84,135.82,-0.004734334,-0.005360368,4.23077E-05,-0.004776642,-0.005402676
2016-05-02,51.65,135.3,-0.003745973,-0.003835945,4.42308E-05,-0.003790204,-0.003880175
2016-05-09,51.52,134.75,-0.002456792,-0.004073325,3.84615E-05,-0.002495253,-0.004111787
2016-05-16,51.51,134.55,-0.000289526,-0.001485333,0.00005,-0.000339526,-0.001535333
2016-05-23,52.60,137.37,0.020911775,0.020742138,5.76923E-05,0.020854082,0.020684446
2016-05-30,52.80,137.79,0.003960742,0.003052772,6.34615E-05,0.003897281,0.00298931
2016-06-06,52.97,138.15,0.00310177,0.002609264,5.76923E-05,0.003044078,0.002551572
2016-06-13,52.62,137.16,-0.006637078,-0.007191924,0.00005,-0.006687078,-0.007241924
2016-06-20,51.53,135.51,-0.020902942,-0.012102689,5.19231E-05,-0.020954865,-0.012154612
2016-06-27,53.73,139.95,0.041888429,0.032239778,5.38462E-05,0.041834583,0.032185931
2016-07-04,54.28,141.23,0.010159652,0.009104551,0.00005,0.010109652,0.009054551
2016-07-11,55.16,143.49,0.016070793,0.015875579,5.38462E-05,0.016016947,0.015821733
2016-07-18,55.40,144.1,0.004215018,0.004242157,5.96154E-05,0.004155403,0.004182541
2016-07-25,54.97,143.04,-0.007627346,-0.007383192,6.15385E-05,-0.007688884,-0.00744473
2016-08-01,54.93,142.76,-0.000820933,-0.001959413,5.57692E-05,-0.000876702,-0.002015182
2016-08-08,54.96,142.59,0.000547224,-0.001191519,5.38462E-05,0.000493378,-0.001245365
2016-08-15,54.93,142.36,-0.000547224,-0.001614319,5.57692E-05,-0.000602993,-0.001670088
2016-08-22,54.65,141.56,-0.005075488,-0.005635405,5.57692E-05,-0.005131257,-0.005691174
2016-08-29,55.06,142.61,0.007399257,0.007389976,5.96154E-05,0.007339641,0.007330361
2016-09-05,53.85,139.36,-0.022085374,-0.023053119,6.34615E-05,-0.022148836,-0.02311658
2016-09-12,53.55,139.43,-0.005597917,0.00050217,6.53846E-05,-0.005663302,0.000436785
2016-09-19,54.56,141.08,0.018530505,0.011764422,6.34615E-05,0.018467044,0.011700961
2016-09-26,54.59,141.1,0.000554618,0.000141753,4.61538E-05,0.000508465,9.55996E-05
2016-10-03,54.27,140.08,-0.005839132,-0.007255171,0.00005,-0.005889132,-0.007305171
2016-10-10,53.75,138.64,-0.00966715,-0.010333043,6.15385E-05,-0.009728688,-0.010394581
2016-10-17,53.68,138.49,-0.001267798,-0.001082525,6.34615E-05,-0.001331259,-0.001145986
2016-10-24,53.78,138.77,0.001971769,0.002019766,6.53846E-05,0.001906384,0.001954381
2016-10-31,52.94,136.46,-0.015739838,-0.016786355,6.15385E-05,-0.015801376,-0.016847893
2016-11-07,55.12,141.97,0.040335971,0.039584236,6.92308E-05,0.040266741,0.039515006
2016-11-14,55.57,142.85,0.008066344,0.006179361,8.46154E-05,0.007981729,0.006094746
2016-11-21,56.39,145.08,0.01473292,0.015490186,9.03846E-05,0.014642535,0.015399801
2016-11-28,56.09,144.06,-0.00538167,-0.007055435,9.23077E-05,-0.005473978,-0.007147743
2016-12-05,57.83,148.41,0.030555228,0.029748834,9.23077E-05,0.030462921,0.029656527
2016-12-12,58.01,148.86,0.003005176,0.003027553,9.61538E-05,0.002909022,0.002931399
2016-12-19,57.80,149.5,-0.003528776,0.004290126,0.0001,-0.003628776,0.004190126
2016-12-26,57.83,148.09,0.000551976,-0.009476196,9.80769E-05,0.000453899,-0.009574273
2017-01-02,58.19,148.98,0.006183555,0.005991872,9.61538E-05,0.006087401,0.005895718
2017-01-09,57.83,148.09,-0.006315562,-0.005991872,0.0001,-0.006415562,-0.006091872
2017-01-16,57.78,147.93,-0.000792188,-0.001081008,9.80769E-05,-0.000890265,-0.001179085
2017-01-23,58.25,149.07,0.008025541,0.007676805,0.0001,0.007925541,0.007576805
2017-01-30,58.11,148.63,-0.002361063,-0.002955998,9.61538E-05,-0.002457217,-0.003052152
2017-02-06,58.47,149.38,0.006154351,0.005033399,9.80769E-05,0.006056274,0.004935322
2017-02-13,59.37,151.6,0.015287227,0.014752078,0.000101923,0.015185304,0.014650155
2017-02-20,59.97,153.02,0.010105764,0.009323159,0.000101923,0.010003841,0.009221236
2017-02-27,60.31,153.73,0.005584342,0.004629185,0.0001,0.005484342,0.004529185
2017-03-06,60.10,153.03,-0.003423081,-0.004563836,0.000115385,-0.003538466,-0.004679221
2017-03-13,60.25,153.35,0.002410045,0.00208891,0.000140385,0.00226966,0.001948525
2017-03-20,58.99,151.14,-0.021126107,-0.014516331,0.000142308,-0.021268414,-0.014658639
2017-03-27,59.70,151.87,0.011987428,0.004818332,0.000146154,0.011841274,0.004672178
2017-04-03,59.50,151.22,-0.003354042,-0.004289162,0.000148077,-0.003502119,-0.004437239
2017-04-10,58.85,149.51,-0.010913427,-0.01137245,0.000151923,-0.01106535,-0.011524373
2017-04-17,59.05,149.96,0.003390531,0.003005312,0.000155769,0.003234761,0.002849542
2017-04-24,59.65,151.5,0.010103712,0.010217033,0.000153846,0.009949866,0.010063187
2017-05-01,59.81,151.84,0.002574239,0.00224171,0.000153846,0.002420392,0.002087864
2017-05-08,59.26,150.3,-0.009168627,-0.010194038,0.000161538,-0.009330166,-0.010355577
2017-05-15,59.16,149.87,-0.001688447,-0.002865045,0.000169231,-0.001857678,-0.003034276
2017-05-22,59.86,151.51,0.011756557,0.010883378,0.000173077,0.011583481,0.010710301
2017-05-29,60.45,153,0.009841096,0.009786292,0.000176923,0.009664173,0.009609369
2017-06-05,60.68,153.45,0.003808075,0.00293686,0.000182692,0.003625382,0.002754167
2017-06-12,61.14,154.43,0.007573082,0.006366138,0.000186538,0.007386544,0.0061796
2017-06-19,60.40,153.71,-0.012144495,-0.004673209,0.000190385,-0.01233488,-0.004863594
2017-06-26,60.55,152.82,0.002339884,-0.005806952,0.000186538,0.002153345,-0.00599349
2017-07-03,60.52,152.65,-0.000511903,-0.001113039,0.000192308,-0.000704211,-0.001305347
2017-07-10,61.07,154.04,0.009174637,0.00906459,0.000198077,0.00897656,0.008866513
2017-07-17,61.32,154.56,0.00405057,0.003370062,0.000198077,0.003852493,0.003171985
2017-07-24,61.41,154.75,0.001514611,0.001228541,0.000209615,0.001304996,0.001018926
2017-07-31,61.58,155.11,0.002771125,0.002323631,0.000213462,0.002557663,0.00211017
2017-08-07,60.88,153.17,-0.011512621,-0.012586127,0.000203846,-0.011716467,-0.012789973
2017-08-14,60.44,151.89,-0.007279046,-0.008391841,0.000198077,-0.007477123,-0.008589918
2017-08-21,61.03,153.22,0.009693723,0.008718222,0.000192308,0.009501415,0.008525915
2017-08-28,61.58,154.57,0.009097944,0.008772271,0.000190385,0.00890756,0.008581886
2017-09-04,61.39,153.95,-0.003149595,-0.004019194,0.000192308,-0.003341903,-0.004211501
2017-09-11,62.68,157.17,0.020730338,0.020700148,0.000198077,0.020532261,0.020502071
2017-09-18,62.51,157.91,-0.002598947,0.004697228,0.000198077,-0.002797023,0.004499151
2017-09-25,63.27,158.53,0.011996511,0.003918599,0.000196154,0.011800357,0.003722446
2017-10-02,63.94,160.07,0.010552278,0.00966737,0.0002,0.010352278,0.00946737
2017-10-09,64.28,160.74,0.005234581,0.004176933,0.0002,0.005034581,0.003976933
2017-10-16,64.97,162.51,0.010748133,0.010951386,0.000205769,0.010542364,0.010745616
2017-10-23,64.77,162.03,-0.003007558,-0.002958035,0.000207692,-0.003215251,-0.003165727
2017-10-30,64.63,161.6,-0.002171335,-0.002657357,0.000209615,-0.00238095,-0.002866973
2017-11-06,64.40,160.79,-0.003628495,-0.00502498,0.000219231,-0.003847726,-0.005244211
2017-11-13,64.35,160.49,-0.000727188,-0.00186753,0.000230769,-0.000957958,-0.0020983
2017-11-20,64.79,161.52,0.006767978,0.006397339,0.000238462,0.006529517,0.006158877
2017-11-27,66.33,165.25,0.023452254,0.022830505,0.000244231,0.023208024,0.022586274
2017-12-04,66.59,165.81,0.003992396,0.003383076,0.000242308,0.003750088,0.003140768
2017-12-11,67.19,167.3,0.008983078,0.008946053,0.000244231,0.008738848,0.008701823
2017-12-18,66.87,167.57,-0.004772793,0.001612566,0.00025,-0.005022793,0.001362566
2017-12-25,67.33,167.25,0.006789213,-0.001911475,0.000257692,0.00653152,-0.002169168
2018-01-01,68.38,170.04,0.015527825,0.016544004,0.000269231,0.015258594,0.016274774
2018-01-08,69.35,172.32,0.014043089,0.01331951,0.000267308,0.013775781,0.013052202
2018-01-15,69.89,173.57,0.007680425,0.007227763,0.000271154,0.007409272,0.006956609
2018-01-22,71.48,177.6,0.022582657,0.022952854,0.000275,0.022307657,0.022677854
2018-01-29,68.55,170.25,-0.0418952,-0.042265886,0.000271154,-0.042166354,-0.042537039
2018-02-05,65.20,161.59,-0.050098243,-0.052205682,0.000276923,-0.050375166,-0.052482605
2018-02-12,67.68,167.57,0.037400729,0.036338911,0.000292308,0.037108422,0.036046604
2018-02-19,67.71,167.64,0.00046488,0.000417649,0.000303846,0.000161034,0.000113802
2018-02-26,66.31,164.07,-0.021004067,-0.021525657,0.000311538,-0.021315606,-0.021837195
2018-03-05,68.32,168.87,0.029905199,0.028836022,0.000313462,0.029591737,0.028522561
2018-03-12,67.42,166.65,-0.01320693,-0.013233383,0.000317308,-0.013524238,-0.013550691
2018-03-19,63.64,157.14,-0.057728031,-0.058758677,0.000330769,-0.0580588,-0.059089446
2018-03-26,64.86,161.33,0.018968988,0.026314829,0.000332692,0.018636296,0.025982137
2018-04-02,64.63,159.54,-0.003552766,-0.011157282,0.000332692,-0.003885458,-0.011489975
2018-04-09,65.90,162.49,0.019422896,0.018321787,0.000328846,0.01909405,0.017992941
2018-04-16,65.86,162.34,-0.000601396,-0.00092356,0.000330769,-0.000932165,-0.001254329
2018-04-23,66.08,162.85,0.003363115,0.00313663,0.000342308,0.003020807,0.002794323
2018-04-30,65.37,161.04,-0.010849283,-0.01117675,0.000348077,-0.01119736,-0.011524827
2018-05-07,66.77,164.29,0.021224988,0.019980378,0.000348077,0.020876911,0.019632301
2018-05-14,66.63,163.68,-0.002137773,-0.003719857,0.000355769,-0.002493542,-0.004075626
2018-05-21,66.73,163.86,0.001544229,0.001099103,0.000361538,0.001182691,0.000737564
2018-05-28,67.05,164.62,0.004737652,0.004627383,0.000361538,0.004376114,0.004265844
2018-06-04,68.12,167.1,0.015826231,0.014952648,0.000363462,0.01546277,0.014589187
2018-06-11,67.61,165.71,-0.007471588,-0.008353163,0.000365385,-0.007836973,-0.008718548
2018-06-18,66.44,163.97,-0.017494382,-0.010555788,0.000365385,-0.017859767,-0.010921173
2018-06-25,66.29,162.25,-0.002183939,-0.010545129,0.000365385,-0.002549324,-0.010910513
2018-07-02,67.21,164.49,0.013751889,0.013711422,0.000363462,0.013388428,0.013347961
2018-07-09,67.66,165.51,0.006628765,0.006181838,0.000373077,0.006255688,0.005808761
2018-07-16,67.55,165.13,-0.001534796,-0.002298573,0.000373077,-0.001907873,-0.00267165
2018-07-23,68.55,167.55,0.014661709,0.014548772,0.000378846,0.014282863,0.014169926
2018-07-30,69.16,168.91,0.008811155,0.008084215,0.000376923,0.008434232,0.007707291
2018-08-06,68.71,167.64,-0.006484575,-0.007547206,0.000382692,-0.006867267,-0.007929898
2018-08-13,69.71,169.88,0.014416722,0.013273482,0.000388462,0.014028261,0.012885021
2018-08-20,69.80,170.09,0.001259055,0.001235403,0.000390385,0.000868671,0.000845019
2018-08-27,69.77,169.98,-0.000343172,-0.000646926,0.000392308,-0.00073548,-0.001039233
2018-09-03,69.74,169.69,-0.000458052,-0.00170754,0.0004,-0.000858052,-0.00210754
2018-09-10,70.28,170.86,0.007639594,0.006871265,0.000403846,0.007235748,0.006467419
2018-09-17,71.31,173.38,0.01465802,0.01464121,0.000405769,0.014252251,0.01423544
2018-09-24,69.52,170.2,-0.025507334,-0.018511501,0.000409615,-0.025916949,-0.018921117
2018-10-01,70.42,170.96,0.012923344,0.004455395,0.000415385,0.012507959,0.00404001
2018-10-08,67.41,163.65,-0.043657956,-0.04369961,0.000421154,-0.044079109,-0.044120764
2018-10-15,68.00,164.97,0.008672639,0.008033638,0.000426923,0.008245716,0.007606715
2018-10-22,65.47,158.86,-0.037849277,-0.037740328,0.000436538,-0.038285815,-0.038176866
2018-10-29,67.27,163.06,0.027026738,0.02609492,0.000440385,0.026586353,0.025654535
2018-11-05,68.97,166.94,0.025033609,0.023516235,0.000440385,0.024593225,0.023075851
2018-11-12,68.60,165.87,-0.005378552,-0.006430117,0.000444231,-0.005822782,-0.006874348
2018-11-19,66.64,161.1,-0.029025865,-0.029179059,0.000448077,-0.029473942,-0.029627136
2018-11-26,69.35,167.65,0.03987071,0.039853183,0.000451923,0.039418787,0.03940126
2018-12-03,66.48,160.43,-0.042287217,-0.044020763,0.00045,-0.042737217,-0.044470763
2018-12-10,65.52,158,-0.014502794,-0.015262677,0.000453846,-0.01495664,-0.015716523
2018-12-17,61.65,148.71,-0.060862489,-0.060596932,0.000457692,-0.061320181,-0.061054625
2018-12-24,62.19,151.35,0.008702888,0.017596935,0.000451923,0.008250965,0.017145012
2018-12-31,64.11,154.36,0.030296541,0.019692501,0.000457692,0.029838849,0.019234809
2019-01-07,65.32,157.23,0.018701643,0.018422165,0.000457692,0.01824395,0.017964473
2019-01-14,66.72,160.46,0.021284276,0.020334989,0.000461538,0.020822737,0.01987345
2019-01-21,66.27,159.43,-0.006840088,-0.006439736,0.000457692,-0.00729778,-0.006897428
2019-01-28,67.43,162.12,0.01737486,0.016731847,0.000451923,0.016922937,0.016279924
2019-02-04,67.41,161.87,-0.000241044,-0.001543258,0.000453846,-0.00069489,-0.001997104
2019-02-11,69.13,165.75,0.025220933,0.023687085,0.000455769,0.024765164,0.023231316
2019-02-18,69.71,167.12,0.008306836,0.008231488,0.000459615,0.00784722,0.007771873
2019-02-25,70.02,167.65,0.004417722,0.003166356,0.000463462,0.00395426,0.002702894
2019-03-04,68.66,164.3,-0.0195615,-0.020184448,0.000461538,-0.020023038,-0.020645986
2019-03-11,70.20,167.79,0.022110055,0.021019172,0.000463462,0.021646593,0.020555711
2019-03-18,69.30,165.54,-0.012808877,-0.01350034,0.000461538,-0.013270415,-0.013961879
2019-03-25,69.57,167.44,0.003859891,0.011412221,0.000463462,0.003396429,0.010948759
2019-04-01,71.28,170.18,0.024226461,0.016231622,0.000459615,0.023766846,0.015772007
2019-04-08,71.60,170.82,0.004582469,0.00375367,0.000457692,0.004124777,0.003295978
2019-04-15,71.75,171.05,0.002055229,0.001345541,0.000457692,0.001597537,0.000887849
2019-04-22,71.63,170.77,-0.001712309,-0.00163829,0.000457692,-0.002170001,-0.002095982
2019-04-29,71.89,171.4,0.003649352,0.003682384,0.000459615,0.003189737,0.003222769
2019-05-06,70.67,168.14,-0.017107809,-0.01920304,0.000459615,-0.017567424,-0.019662656
2019-05-13,70.34,167.22,-0.004759498,-0.005486655,0.000457692,-0.005217191,-0.005944347
2019-05-20,69.85,165.9,-0.007006261,-0.007925114,0.000453846,-0.007460107,-0.00837896
2019-05-27,67.55,160.38,-0.033481182,-0.033839198,0.000448077,-0.033929258,-0.034287275
2019-06-03,70.69,167.74,0.045478364,0.044869162,0.000446154,0.04503221,0.044423008
2019-06-10,71.06,168.41,0.005196795,0.003986321,0.000438462,0.004758334,0.003547859
2019-06-17,71.71,171.12,0.009172034,0.015963582,0.000421154,0.00875088,0.015542428
2019-06-24,72.03,170.62,0.004482059,-0.002926203,0.000409615,0.004072443,-0.003335819
2019-07-01,73.02,172.88,0.013639745,0.013158851,0.0004,0.013239745,0.012758851
2019-07-08,73.14,173,0.001579328,0.000693882,0.000415385,0.001163943,0.000278498
2019-07-15,72.62,171.64,-0.007126466,-0.007892334,0.000415385,-0.007541851,-0.008307719
2019-07-22,73.55,173.88,0.012746252,0.012966146,0.000398077,0.012348175,0.012568069
2019-07-29,71.42,168.77,-0.029343842,-0.029828565,0.000394231,-0.029738073,-0.030222796
2019-08-05,71.01,167.6,-0.005787733,-0.006956653,0.000392308,-0.006180041,-0.007348961
2019-08-12,70.27,165.64,-0.010502894,-0.011763429,0.000382692,-0.010885586,-0.012146122
2019-08-19,69.30,163.22,-0.013820939,-0.014717775,0.000367308,-0.014188246,-0.015085082
2019-08-26,71.03,167.39,0.024556093,0.025227435,0.000369231,0.024186862,0.024858204
2019-09-02,72.48,170.63,0.02022123,0.01917105,0.000375,0.01984623,0.01879605
2019-09-09,73.96,173.91,0.020266668,0.019040454,0.000371154,0.019895514,0.018669301
2019-09-16,73.67,173.16,-0.003908738,-0.004321901,0.000369231,-0.004277969,-0.004691132
2019-09-23,72.92,172.79,-0.010234769,-0.002139038,0.000367308,-0.010602077,-0.002506346
2019-09-30,72.89,171.15,-0.00048985,-0.009536619,0.000353846,-0.000843696,-0.009890466
2019-10-07,73.10,171.48,0.00284827,0.001926277,0.000334615,0.002513655,0.001591661
2019-10-14,73.50,172.31,0.00544656,0.004828538,0.000321154,0.005125406,0.004507385
2019-10-21,74.34,174.29,0.011476304,0.011425398,0.000313462,0.011162843,0.011111937
2019-10-28,75.18,176.17,0.011235502,0.010728859,0.000313462,0.01092204,0.010415398
2019-11-04,76.12,178.14,0.012422347,0.01112032,0.0003,0.012122347,0.01082032
2019-11-11,76.10,177.94,-0.000327693,-0.001123343,0.000292308,-0.000620001,-0.001415651
2019-11-18,75.89,177.47,-0.002736335,-0.002644834,0.000298077,-0.003034412,-0.002942911
2019-11-25,76.31,178.13,0.005573995,0.00371204,0.000296154,0.005277841,0.003415886
2019-12-02,76.71,179.01,0.005217147,0.004928049,0.000303846,0.004913301,0.004624203
2019-12-09,77.32,180.27,0.007883197,0.007014057,0.000294231,0.007588966,0.006719826
2019-12-16,78.57,183.09,0.016005343,0.015522108,0.000294231,0.015711112,0.015227877
2019-12-23,78.07,183.41,-0.006371212,0.001746249,0.000296154,-0.006667366,0.001450095
2019-12-30,78.18,182.12,0.001438465,-0.007058273,0.000298077,0.001140388,-0.00735635
2020-01-06,78.18,181.85,0,-0.001483639,0.000292308,-0.000292308,-0.001775947
2020-01-13,79.48,184.92,0.016489183,0.016741128,0.000290385,0.016198798,0.016450743
2020-01-20,78.49,182.58,-0.01252815,-0.012734866,0.000294231,-0.012822381,-0.013029097
2020-01-27,76.61,178.04,-0.024222789,-0.025180189,0.000292308,-0.024515096,-0.025472497
2020-02-03,78.57,182.42,0.025183824,0.024303477,0.000294231,0.024889593,0.024009246
2020-02-10,79.05,183.3,0.006065462,0.004812434,0.000296154,0.005769308,0.00451628
2020-02-17,78.36,181.71,-0.008737316,-0.008712145,0.000298077,-0.009035392,-0.009010222
2020-02-24,69.18,160.17,-0.124521416,-0.126176258,0.000298077,-0.124819493,-0.126474335
2020-03-02,70.13,162.26,0.013604028,0.012964236,0.000275,0.013329028,0.012689236
2020-03-09,62.37,145.56,-0.117349175,-0.108611614,0.000146154,-0.117495328,-0.108757768
2020-03-16,53.75,124.36,-0.148587279,-0.157407788,6.73077E-05,-0.148654586,-0.157475095
2020-03-23,58.92,136.2,0.091675414,0.090943809,2.11538E-05,0.09165426,0.090922655
2020-03-30,58.31,134.46,-0.010376467,-0.012857637,-1.92308E-06,-0.010374544,-0.012855714
2020-04-06,65.12,150.26,0.110432529,0.11110037,1.92308E-05,0.110413298,0.111081139
2020-04-13,65.78,151.7,0.010195367,0.009537759,3.65385E-05,0.010158829,0.009501221
2020-04-20,64.69,149.09,-0.016702736,-0.017354736,3.26923E-05,-0.016735428,-0.017387428
2020-04-27,64.13,147.53,-0.008786065,-0.010518606,2.30769E-05,-0.008809142,-0.010541682
2020-05-04,65.30,150.19,0.018143198,0.017869614,2.11538E-05,0.018122044,0.01784846
2020-05-11,63.30,145.41,-0.031135631,-0.032343821,2.30769E-05,-0.031158708,-0.032366898
2020-05-18,65.00,149.14,0.02646837,0.025328124,2.30769E-05,0.026445293,0.025305047
2020-05-25,67.76,155.38,0.041616818,0.040988267,2.30769E-05,0.041593741,0.04096519
2020-06-01,72.07,165.16,0.061636053,0.061040971,2.88462E-05,0.061607207,0.061012125
2020-06-08,67.36,154.16,-0.067512301,-0.068923677,2.88462E-05,-0.067541147,-0.068952523
2020-06-15,68.00,155.58,0.009360397,0.009169045,3.26923E-05,0.009327705,0.009136352
2020-06-22,64.73,149.57,-0.049268296,-0.039395558,3.26923E-05,-0.049300988,-0.03942825
2020-06-29,67.38,154.03,0.04015161,0.029382878,2.88462E-05,0.040122763,0.029354032
2020-07-06,67.54,154.26,0.002403841,0.001492102,2.88462E-05,0.002374994,0.001463256
2020-07-13,69.62,158.92,0.0302467,0.02976144,2.69231E-05,0.030219777,0.029734517
2020-07-20,69.59,158.74,-0.000367861,-0.001133287,0.000025,-0.000392861,-0.001158287
2020-07-27,69.31,158.04,-0.004056019,-0.004419478,2.30769E-05,-0.004079096,-0.004442555
2020-08-03,70.89,161.52,0.022527757,0.021780808,1.92308E-05,0.022508526,0.021761578
2020-08-10,71.68,163.1,0.011135875,0.009734536,1.92308E-05,0.011116644,0.009715305
2020-08-17,70.54,160.46,-0.016084877,-0.016318819,2.11538E-05,-0.01610603,-0.016339973
2020-08-24,72.06,163.82,0.021429191,0.020723574,1.92308E-05,0.02140996,0.020704343
2020-08-31,71.42,162.24,-0.008923007,-0.009691544,2.11538E-05,-0.008944161,-0.009712698
2020-09-07,70.16,159.4,-0.017844876,-0.017659954,2.11538E-05,-0.01786603,-0.017681108
2020-09-14,70.43,159.82,0.003885577,0.002631416,2.30769E-05,0.0038625,0.002608339
2020-09-21,68.04,155.58,-0.034520461,-0.026888113,2.11538E-05,-0.034541614,-0.026909267
2020-09-28,69.73,157.99,0.024509072,0.015371671,1.92308E-05,0.024489841,0.01535244
2020-10-05,72.39,163.93,0.037438124,0.036907768,1.92308E-05,0.037418894,0.036888537
2020-10-12,72.36,163.67,-0.000475407,-0.001587302,1.92308E-05,-0.000494638,-0.001606533
2020-10-19,72.20,163.23,-0.002263269,-0.002691956,2.11538E-05,-0.002284422,-0.00271311
2020-10-26,68.48,154.74,-0.052888753,-0.05341396,1.92308E-05,-0.052907984,-0.053433191
2020-11-02,71.71,161.99,0.046188705,0.045788316,1.92308E-05,0.046169474,0.045769085
2020-11-09,75.62,170.71,0.053068281,0.052431605,1.92308E-05,0.05304905,0.052412375
2020-11-16,75.63,170.51,0.000113995,-0.001172264,1.92308E-05,9.47647E-05,-0.001191495
2020-11-23,77.77,175.28,0.027949262,0.027590749,1.53846E-05,0.027933877,0.027575365
2020-11-30,79.26,178.47,0.018969107,0.018035825,1.73077E-05,0.018951799,0.018018517
2020-12-07,78.77,177.29,-0.006210205,-0.00663371,1.73077E-05,-0.006227513,-0.006651018
2020-12-14,78.82,177.22,0.000655484,-0.000394911,1.53846E-05,0.0006401,-0.000410296
2020-12-21,77.81,176.43,-0.012971571,-0.004467701,1.53846E-05,-0.012986955,-0.004483086
2020-12-28,79.48,178.71,0.021311374,0.012840183,1.73077E-05,0.021294066,0.012822875
2021-01-04,81.67,183.39,0.027165543,0.025850652,1.92308E-05,0.027146313,0.025831422
2021-01-11,82.20,184.4,0.00646655,0.005492278,1.73077E-05,0.006449243,0.005474971
2021-01-18,81.70,183.24,-0.006147499,-0.006310542,1.73077E-05,-0.006164807,-0.00632785
2021-01-25,79.03,177.18,-0.033183188,-0.033630604,1.73077E-05,-0.033200496,-0.033647912
2021-02-01,82.11,183.92,0.038167449,0.037334715,1.34615E-05,0.038153987,0.037321254
2021-02-08,83.17,186.02,0.01282344,0.011353314,9.61538E-06,0.012813825,0.011343699
2021-02-15,83.67,187.07,0.006039131,0.005628684,9.61538E-06,0.006029516,0.005619068
2021-02-22,82.65,184.76,-0.01232524,-0.012425193,7.69231E-06,-0.012332933,-0.012432885
2021-03-01,85.23,190.35,0.030736539,0.029806797,7.69231E-06,0.030728847,0.029799105
2021-03-08,87.81,195.95,0.029918964,0.028995042,7.69231E-06,0.029911271,0.02898735
2021-03-15,87.14,194.46,-0.007745072,-0.007633038,7.69231E-06,-0.007752764,-0.007640731
2021-03-22,88.45,198.56,0.01493975,0.020864835,3.84615E-06,0.014935904,0.020860989
2021-03-29,88.83,198.15,0.004299446,-0.002067002,3.84615E-06,0.0042956,-0.002070848
2021-04-05,89.62,199.66,0.008916577,0.0075916,3.84615E-06,0.008912731,0.007587754
2021-04-12,90.56,201.65,0.01038414,0.009917601,3.84615E-06,0.010380294,0.009913755
2021-04-19,90.25,200.99,-0.003481643,-0.003278366,3.84615E-06,-0.003485489,-0.003282212
2021-04-26,90.64,201.64,0.004350025,0.003228774,5.76923E-06,0.004344256,0.003223004
2021-05-03,93.93,208.99,0.035626795,0.035802475,1.92308E-06,0.035624872,0.035800552
2021-05-10,93.92,208.7,-9.31732E-05,-0.00138859,3.84615E-06,-9.70193E-05,-0.001392436
2021-05-17,93.26,207.11,-0.007006403,-0.007647761,3.84615E-06,-0.007010249,-0.007651607
2021-05-24,93.38,207.21,0.001311564,0.000482719,1.92308E-06,0.001309641,0.000480796
2021-05-31,94.38,209.27,0.010616517,0.009892512,3.84615E-06,0.010612671,0.009888666
2021-06-07,93.84,208.05,-0.005759967,-0.005846849,3.84615E-06,-0.005763813,-0.005850695
2021-06-14,89.76,198.89,-0.044388197,-0.045026527,5.76923E-06,-0.044393966,-0.045032297
2021-06-21,91.77,204.8,0.022059452,0.029281985,7.69231E-06,0.02205176,0.029274293
2021-06-28,93.01,205.92,0.013430474,0.005453851,9.61538E-06,0.013420859,0.005444235
2021-07-05,92.70,205.06,-0.003319926,-0.004185125,9.61538E-06,-0.003329541,-0.00419474
2021-07-12,91.68,202.74,-0.011082582,-0.011378249,1.15385E-05,-0.01109412,-0.011389788
2021-07-19,92.32,204.05,0.006988624,0.006440692,9.61538E-06,0.006979008,0.006431077
2021-07-26,92.79,204.99,0.005043687,0.004596136,9.61538E-06,0.005034072,0.00458652
2021-08-02,93.78,207.11,0.010668919,0.010288856,9.61538E-06,0.010659304,0.01027924
2021-08-09,95.30,210.25,0.016024405,0.015047246,9.61538E-06,0.016014789,0.01503763
2021-08-16,94.05,207.41,-0.013210828,-0.013599788,1.15385E-05,-0.013222366,-0.013611327
2021-08-23,95.07,209.55,0.010804734,0.010264864,1.15385E-05,0.010793196,0.010253325
2021-08-30,94.75,208.71,-0.00334075,-0.004016646,9.61538E-06,-0.003350365,-0.004026261
2021-09-06,92.88,204.42,-0.019997814,-0.020769028,9.61538E-06,-0.020007429,-0.020778643
2021-09-13,92.36,203.15,-0.005610789,-0.006232078,9.61538E-06,-0.005620404,-0.006241694
2021-09-20,92.34,204.52,-0.000190683,0.006721148,7.69231E-06,-0.000198375,0.006713455
2021-09-27,92.80,203.8,0.004972438,-0.003526649,5.76923E-06,0.004966668,-0.003532419
2021-10-04,94.00,206.42,0.012822189,0.012773807,7.69231E-06,0.012814497,0.012766115
2021-10-11,95.11,208.82,0.011821342,0.011559709,7.69231E-06,0.01181365,0.011552016
2021-10-18,96.40,211.61,0.013432954,0.013272321,9.61538E-06,0.013423339,0.013262706
2021-10-25,96.20,211.06,-0.002118768,-0.002602505,1.15385E-05,-0.002130307,-0.002614043
2021-11-01,97.88,214.66,0.017369417,0.016912928,1.15385E-05,0.017357879,0.016901389
2021-11-08,98.04,214.79,0.00162991,0.000605426,9.61538E-06,0.001620295,0.00059581
2021-11-15,96.57,211.42,-0.015133735,-0.01581413,9.61538E-06,-0.01514335,-0.015823746
2021-11-22,96.00,209.86,-0.005896502,-0.007406035,9.61538E-06,-0.005906117,-0.00741565
2021-11-29,95.26,208.23,-0.007792259,-0.007797404,1.15385E-05,-0.007803798,-0.007808942
2021-12-06,97.65,213.35,0.024833525,0.024290772,1.15385E-05,0.024821987,0.024279233
2021-12-13,97.52,213.01,-0.001363663,-0.001594897,1.15385E-05,-0.001375201,-0.001606435
2021-12-20,97.99,215.77,0.004809867,0.012873913,9.61538E-06,0.004800251,0.012864297
2021-12-27,100.31,218.91,0.023405472,0.014447661,1.53846E-05,0.023390087,0.014432276
2022-01-03,102.49,223.49,0.021530782,0.020705984,1.15385E-05,0.021519243,0.020694445
2022-01-10,102.58,223.62,0.000872716,0.000581512,1.73077E-05,0.000855408,0.000564205
2022-01-17,98.29,214.23,-0.042768323,-0.042897978,2.30769E-05,-0.0427914,-0.042921055
2022-01-24,99.07,215.91,0.007979139,0.00781145,3.26923E-05,0.007946446,0.007778758
2022-01-31,100.37,218.54,0.013009707,0.01210741,3.84615E-05,0.012971245,0.012068948
2022-02-07,99.66,216.94,-0.007066956,-0.007348247,4.23077E-05,-0.007109264,-0.007390554
2022-02-14,98.62,214.33,-0.010559277,-0.012103934,6.15385E-05,-0.010620815,-0.012165473
2022-02-21,98.84,214.76,0.002265502,0.002004242,0.000075,0.002190502,0.001929242
2022-02-28,99.01,215,0.001718588,0.001116903,6.73077E-05,0.00165128,0.001049595
2022-03-07,96.97,210.45,-0.020818831,-0.021389933,6.53846E-05,-0.020884215,-0.021455318
2022-03-14,100.38,217.76,0.034550289,0.034145444,7.30769E-05,0.034477212,0.034072367
2022-03-21,101.68,221.68,0.012841565,0.017841362,8.26923E-05,0.012758872,0.017758669
2022-03-28,101.46,219.88,-0.002121847,-0.008152958,0.0001,-0.002221847,-0.008252958
2022-04-04,102.06,221.01,0.005925944,0.005126006,0.000105769,0.005820175,0.005020237
2022-04-11,101.13,218.97,-0.009213375,-0.009273215,0.000128846,-0.009342221,-0.009402061
2022-04-18,99.62,215.56,-0.01506498,-0.015695441,0.000146154,-0.015211134,-0.015841595
2022-04-25,96.78,209.42,-0.028873296,-0.028897488,0.000157692,-0.029030988,-0.029055181
2022-05-02,98.57,213.14,0.018337376,0.017607422,0.000163462,0.018173915,0.01744396
2022-05-09,97.27,210.13,-0.013327935,-0.01422284,0.000167308,-0.013495243,-0.014390148
2022-05-16,95.23,205.54,-0.021134116,-0.022085725,0.000178846,-0.021312962,-0.022264571
2022-05-23,100.93,217.79,0.058103004,0.057890634,0.0002,0.057903004,0.057690634
2022-05-30,99.66,214.77,-0.012653263,-0.013963608,0.000203846,-0.012857109,-0.014167454
2022-06-06,95.61,206,-0.041488354,-0.041691519,0.000219231,-0.041707585,-0.04191075
2022-06-13,89.28,192.27,-0.068468725,-0.068975535,0.000242308,-0.068711033,-0.069217842
2022-06-20,92.98,201.73,0.040596309,0.048029535,0.000319231,0.040277078,0.047710305
2022-06-27,93.26,200.63,0.002955222,-0.005467754,0.000311538,0.002643683,-0.005779292
2022-07-04,93.06,199.98,-0.002143729,-0.003245054,0.000328846,-0.002472575,-0.0035739
2022-07-11,92.55,198.92,-0.00547811,-0.005314628,0.000361538,-0.005839648,-0.005676166
2022-07-18,93.77,201.32,0.013058211,0.011992948,0.000432692,0.012625519,0.011560256
2022-07-25,96.57,207.22,0.029477066,0.028885349,0.000467308,0.029009758,0.028418041
2022-08-01,95.86,205.72,-0.007359351,-0.00726501,0.000465385,-0.007824735,-0.007730395
2022-08-08,99.36,212.96,0.035809525,0.034588334,0.000473077,0.035336448,0.034115257
2022-08-15,99.40,212.87,0.000456774,-0.000422704,0.000490385,-3.36105E-05,-0.000913089
2022-08-22,96.44,206.44,-0.03022391,-0.030671837,0.000503846,-0.030727756,-0.031175684
2022-08-29,93.91,200.84,-0.026612186,-0.027501242,0.000528846,-0.027141032,-0.028030088
2022-09-05,96.68,206.64,0.029056581,0.028469578,0.000551923,0.028504658,0.027917655
2022-09-12,93.46,199.63,-0.033901568,-0.034512496,0.000571154,-0.034472722,-0.035083649
2022-09-19,88.75,190.84,-0.051728081,-0.045030273,0.000601923,-0.052330005,-0.045632196
2022-09-26,86.78,185.15,-0.022424339,-0.030269073,0.000617308,-0.023041646,-0.030886381
2022-10-03,88.68,189.03,0.021685605,0.020739425,0.000628846,0.021056759,0.020110579
2022-10-10,89.13,189.74,0.005040945,0.003748981,0.000638462,0.004402483,0.00311052
2022-10-17,92.73,197.61,0.039634801,0.040640677,0.000692308,0.038942494,0.03994837
2022-10-24,97.69,208.17,0.052077228,0.052059662,0.000748077,0.051329151,0.051311585
2022-10-31,97.53,207.53,-0.001686615,-0.003079146,0.000763462,-0.002450077,-0.003842608
2022-11-07,100.86,214.54,0.033657648,0.033220294,0.000778846,0.032878801,0.032441447
2022-11-14,100.96,214.51,0.000997054,-0.000139844,0.000790385,0.00020667,-0.000930228
2022-11-21,102.89,218.45,0.018844596,0.018200798,0.000796154,0.018048442,0.017404644
2022-11-28,103.35,219.24,0.004523629,0.003609865,0.000811538,0.003712091,0.002798326
2022-12-05,100.15,212.38,-0.031463324,-0.031789897,0.000819231,-0.032282555,-0.032609128
2022-12-12,98.77,209.34,-0.013885852,-0.014417399,0.000811538,-0.01469739,-0.015228937
2022-12-19,99.04,211.67,0.002774172,0.011068734,0.000815385,0.001958788,0.010253349
2022-12-26,99.87,211.5,0.008330557,-0.00080346,0.000815385,0.007515173,-0.001618844
2023-01-02,102.24,216.37,0.02338207,0.022764907,0.000834615,0.022547455,0.021930291
2023-01-09,102.85,217.63,0.006030589,0.005806468,0.000857692,0.005172897,0.004948776
2023-01-16,100.49,212.57,-0.023240079,-0.023525027,0.000873077,-0.024113156,-0.024398104
2023-01-23,101.76,215.12,0.012594816,0.011924666,0.000876923,0.011717893,0.011047743
2023-01-30,101.70,215,-0.000634912,-0.000557984,0.000878846,-0.001513758,-0.00143683
2023-02-06,101.58,214.46,-0.001180738,-0.002514787,0.000876923,-0.002057661,-0.00339171
2023-02-13,101.31,213.48,-0.002638321,-0.004580089,0.000886538,-0.003524859,-0.005466628
2023-02-20,99.25,209.16,-0.020524273,-0.020443642,0.0009,-0.021424273,-0.021343642
2023-02-27,100.15,210.92,0.008979558,0.008379405,0.000907692,0.008071866,0.007471713
2023-03-06,95.36,200.62,-0.049011492,-0.050066343,0.000909615,-0.049921108,-0.050975959
2023-03-13,93.70,197.04,-0.017575209,-0.018005818,0.000930769,-0.018505978,-0.018936587
2023-03-20,93.86,198.59,0.001771554,0.007835644,0.000882692,0.000888862,0.006952952
2023-03-27,98.06,206.01,0.043771334,0.036682313,0.000886538,0.042884796,0.035795775
2023-04-03,98.45,206.65,0.003973137,0.00310183,0.000903846,0.003069291,0.002197984
2023-04-10,99.52,208.81,0.010798864,0.010398207,0.000915385,0.00988348,0.009482822
2023-04-17,99.44,208.55,-0.000841002,-0.001245927,0.000948077,-0.001789079,-0.002194004
2023-04-24,99.31,208.2,-0.001309693,-0.001679664,0.000963462,-0.002273155,-0.002643126
2023-05-01,97.17,203.64,-0.021762401,-0.022145427,0.000961538,-0.02272394,-0.023106966
2023-05-08,96.02,200.94,-0.011932528,-0.013347373,0.000978846,-0.012911374,-0.014326219
2023-05-15,96.37,201.54,0.003672037,0.002981517,0.000980769,0.002691268,0.002000748
2023-05-22,95.16,198.83,-0.012618057,-0.013537685,0.000980769,-0.013598827,-0.014518454
2023-05-29,96.72,201.84,0.016180434,0.015025116,0.001,0.015180434,0.014025116
2023-06-05,97.72,203.84,0.010325961,0.009860068,0.001009615,0.009316346,0.008850453
2023-06-12,99.55,207.47,0.018565326,0.017651379,0.000990385,0.017574941,0.016660994
2023-06-19,96.24,202.29,-0.033804988,-0.025284439,0.000980769,-0.034785757,-0.026265209
2023-06-26,99.41,207.18,0.032363533,0.023885669,0.000990385,0.031373148,0.022895285
2023-07-03,98.30,204.64,-0.01118705,-0.012335643,0.001,-0.01218705,-0.013335643
2023-07-10,99.93,207.95,0.016452626,0.016045328,0.001003846,0.015448779,0.015041482
2023-07-17,102.69,213.62,0.027198836,0.026901069,0.001009615,0.026189221,0.025891454
2023-07-24,103.25,214.67,0.005461047,0.00490323,0.001011538,0.004449509,0.003891691
2023-07-31,101.69,211.32,-0.015182283,-0.015728393,0.001015385,-0.016197667,-0.016743778
2023-08-07,102.24,212.33,0.005330761,0.004768096,0.001013462,0.004317299,0.003754634
2023-08-14,100.16,207.72,-0.02056,-0.021950649,0.001017308,-0.021577308,-0.022967957
2023-08-21,99.69,206.72,-0.004689514,-0.004825798,0.001017308,-0.005706822,-0.005843106
2023-08-28,101.24,209.65,0.015485295,0.014074253,0.001021154,0.014464141,0.013053099
2023-09-04,100.21,207.45,-0.010234462,-0.010549127,0.001023077,-0.011257539,-0.011572204
2023-09-11,101.00,208.91,0.007824764,0.00701319,0.001021154,0.00680361,0.005992037
2023-09-18,98.09,204.29,-0.029282245,-0.022362984,0.001023077,-0.030305322,-0.023386061
2023-09-25,97.54,201.59,-0.005575408,-0.013304621,0.001023077,-0.006598485,-0.014327698
2023-10-02,95.64,197.53,-0.01964572,-0.02034546,0.001025,-0.02067072,-0.02137046
2023-10-09,96.73,199.73,0.011287297,0.011075983,0.001028846,0.010258451,0.010047137
2023-10-16,95.55,197.16,-0.012274932,-0.012950873,0.001028846,-0.013303778,-0.013979719
2023-10-23,93.19,192.3,-0.025011273,-0.024958929,0.001025,-0.026036273,-0.025983929
2023-10-30,98.01,202.07,0.050472343,0.049557519,0.001023077,0.049449266,0.048534443
2023-11-06,96.91,199.69,-0.011333364,-0.011848008,0.001019231,-0.012352595,-0.012867239
2023-11-13,99.38,204.47,0.02520323,0.023655101,0.001015385,0.024187845,0.022639717
2023-11-20,100.08,205.91,0.007005025,0.007017915,0.001011538,0.005993486,0.006006376
2023-11-27,101.81,209.07,0.017115047,0.015229944,0.001013462,0.016101586,0.014216482
2023-12-04,101.58,208.59,-0.002227795,-0.002298521,0.001011538,-0.003239334,-0.00331006
2023-12-11,105.07,215.67,0.03380852,0.033378859,0.001009615,0.032798905,0.032369244
2023-12-18,104.74,216.9,-0.003149666,0.005686956,0.001009615,-0.004159282,0.004677341
2023-12-25,106.44,218.08,0.016042651,0.00542555,0.001007692,0.015034959,0.004417858
2024-01-01,106.67,218.48,0.002147713,0.001832509,0.001007692,0.001140021,0.000824817
2024-01-08,106.30,217.66,-0.003402742,-0.003760265,0.001007692,-0.004410435,-0.004767957
2024-01-15,106.43,217.64,0.001165499,-9.18907E-05,0.001005769,0.000159729,-0.00109766
2024-01-22,107.73,220.36,0.012198949,0.012420251,0.001005769,0.01119318,0.011414482
2024-01-29,107.87,220.51,0.001238304,0.000680473,0.001001923,0.000236381,-0.00032145
2024-02-05,107.63,219.9,-0.002212364,-0.002770148,0.001003846,-0.00321621,-0.003773994
2024-02-12,108.63,221.64,0.009259022,0.007881546,0.001005769,0.008253252,0.006875777
2024-02-19,110.19,224.81,0.014205619,0.014201157,0.001007692,0.013197926,0.013193465
2024-02-26,110.76,225.66,0.005178643,0.003773841,0.001009615,0.004169028,0.002764225
2024-03-04,111.87,227.86,0.01002195,0.009701964,0.001009615,0.009012334,0.008692348
2024-03-11,111.48,228.04,-0.003500604,0.000789647,0.001007692,-0.004508296,-0.000218045
2024-03-18,114.18,232.21,0.023896236,0.018121082,0.001009615,0.022886621,0.017111467
2024-03-25,116.01,236.08,0.015912298,0.016528596,0.001007692,0.014904606,0.015520904
2024-04-01,114.35,232.45,-0.014401774,-0.015495582,0.001005769,-0.015407543,-0.016501352
2024-04-08,111.32,226.06,-0.026854266,-0.027874697,0.001003846,-0.027858112,-0.028878544
2024-04-15,111.17,225.7,-0.001378996,-0.001593767,0.001007692,-0.002386688,-0.002601459
2024-04-22,112.54,228.6,0.012258579,0.012767068,0.001009615,0.011248963,0.011757452
2024-04-29,112.31,228,-0.002046959,-0.002628122,0.001009615,-0.003056575,-0.003637738
2024-05-06,114.94,233.06,0.023123444,0.021950302,0.001009615,0.022113829,0.020940687
2024-05-13,116.51,236.02,0.013588656,0.012620616,0.001009615,0.01257904,0.011611001
2024-05-20,114.47,231.82,-0.0176849,-0.017955339,0.001009615,-0.018694515,-0.018964954
2024-05-27,115.06,232.58,0.005180169,0.003273043,0.001009615,0.004170553,0.002263428
2024-06-03,114.02,230.6,-0.009040845,-0.008549644,0.001011538,-0.010052383,-0.009561182
2024-06-10,113.55,229.41,-0.004213289,-0.005173812,0.001009615,-0.005222904,-0.006183427
2024-06-17,113.99,232.17,0.003876945,0.011959066,0.001009615,0.00286733,0.010949451
2024-06-24,114.69,231.63,0.006196118,-0.002328591,0.001007692,0.005188426,-0.003336283
2024-07-01,114.67,231.45,-0.000253069,-0.000777404,0.001005769,-0.001258838,-0.001783173
2024-07-08,117.48,236.96,0.024246262,0.023527483,0.001007692,0.02323857,0.022519791
2024-07-15,118.40,238.7,0.007789718,0.007316183,0.001003846,0.006785872,0.006312337
2024-07-22,119.45,240.78,0.008863636,0.00867612,0.001,0.007863636,0.00767612
2024-07-29,116.64,235.12,-0.023840815,-0.023787631,0.000996154,-0.024836969,-0.024783785
2024-08-05,116.39,234.43,-0.002158124,-0.002938986,0.000984615,-0.003142739,-0.003923602
2024-08-12,119.65,240.7,0.027616914,0.026394309,0.000978846,0.026638067,0.025415463
2024-08-19,121.63,244.58,0.016433839,0.015991109,0.000975,0.015458839,0.015016109
2024-08-26,123.17,247.58,0.012562811,0.012191308,0.000967308,0.011595503,0.011224001
2024-09-02,119.03,238.93,-0.034183113,-0.03556314,0.000957692,-0.035140806,-0.036520832
2024-09-09,121.87,244.47,0.023606019,0.02292198,0.000951923,0.022654096,0.021970057
2024-09-16,122.82,248.05,0.007746531,0.014537737,0.000932692,0.006813839,0.013605044
2024-09-23,124.38,249.43,0.01263335,0.005547976,0.000896154,0.011737196,0.004651822
2024-09-30,125.28,251.16,0.007175097,0.006911872,0.000867308,0.00630779,0.006044564
2024-10-07,126.67,253.78,0.011051628,0.010377564,0.000865385,0.010186243,0.009512179
2024-10-14,127.95,256.27,0.010094073,0.009763826,0.000873077,0.009220996,0.008890749
2024-10-21,125.03,250.39,-0.023090337,-0.023211874,0.000871154,-0.023961491,-0.024083028
2024-10-28,124.16,248.46,-0.007032283,-0.007737836,0.000867308,-0.00789959,-0.008605143
2024-11-04,128.99,257.96,0.038230915,0.037522667,0.000857692,0.037373223,0.036664975
2024-11-11,127.24,254.2,-0.013677957,-0.014683175,0.000851923,-0.01452988,-0.015535098
2024-11-18,130.08,259.91,0.022095356,0.022214058,0.000848077,0.021247279,0.021365982
2024-11-25,131.17,261.63,0.008347015,0.006595875,0.00085,0.007497015,0.005745875
2024-12-02,129.29,257.84,-0.014502894,-0.014592054,0.000846154,-0.015349048,-0.015438208
2024-12-09,128.38,255.83,-0.007027547,-0.007826076,0.000836538,-0.007864086,-0.008662615
2024-12-16,123.76,248.41,-0.036685014,-0.029432554,0.000819231,-0.037504245,-0.030251785
2024-12-23,126.20,251.2,0.019525086,0.011168828,0.000815385,0.018709702,0.010353443
2024-12-30,125.98,250.71,-0.001711771,-0.001952542,0.000815385,-0.002527156,-0.002767927
2025-01-06,123.71,246.1,-0.018151512,-0.018558935,0.000811538,-0.01896305,-0.019370474
2025-01-13,129.19,256.86,0.043296186,0.042793232,0.000809615,0.042486571,0.041983617
2025-01-20,130.53,259.51,0.010349483,0.010264048,0.000809615,0.009539867,0.009454433
2025-01-27,129.85,258.05,-0.0052748,-0.005641873,0.000811538,-0.006086338,-0.006453411
2025-02-03,129.81,257.86,-0.000302181,-0.000736563,0.000807692,-0.001109873,-0.001544255
2025-02-10,131.23,260.4,0.010898761,0.009802108,0.000811538,0.010087222,0.00899057
2025-02-17,130.79,259.45,-0.003369648,-0.003654905,0.000813462,-0.004183109,-0.004468366
2025-02-24,131.50,260.68,0.005460425,0.004729596,0.000811538,0.004648886,0.003918057
2025-03-03,128.74,255.07,-0.021261324,-0.021755584,0.000807692,-0.022069017,-0.022563276
2025-03-10,125.84,249.36,-0.022736063,-0.022640382,0.000807692,-0.023543756,-0.023448074
2025-03-17,125.96,250.88,0.000934963,0.006077102,0.000807692,0.000127271,0.005269409
2025-03-24,125.95,249.13,-7.12943E-05,-0.006999889,0.000807692,-0.000878987,-0.007807581
2025-03-31,115.56,228.15,-0.08607817,-0.087971541,0.000807692,-0.086885862,-0.088779234
2025-04-07,119.50,236.34,0.033525511,0.035268139,0.000807692,0.032717819,0.034460447
2025-04-14,119.33,235.72,-0.001488438,-0.002626786,0.000809615,-0.002298054,-0.003436402
2025-04-21,121.76,240.44,0.020153054,0.019825918,0.000811538,0.019341516,0.01901438
2025-04-28,124.32,245.47,0.020867578,0.020704162,0.000811538,0.020056039,0.019892624
2025-05-05,124.16,244.89,-0.001271733,-0.00236561,0.000807692,-0.002079425,-0.003173302
2025-05-12,128.32,253.02,0.03293344,0.032659407,0.000811538,0.032121902,0.031847868
2025-05-19,125.50,247.17,-0.0222542,-0.023392178,0.000823077,-0.023077277,-0.024215255
2025-05-26,127.40,250.94,0.015071988,0.015137508,0.000817308,0.01425468,0.0143202
2025-06-02,128.81,253.37,0.010945881,0.009637004,0.000817308,0.010128574,0.008819697
2025-06-09,128.90,253.5,0.000766278,0.000512952,0.000817308,-5.10299E-05,-0.000304356
2025-06-16,128.00,253.27,-0.007072559,-0.00090771,0.000819231,-0.00789179,-0.00172694
2025-06-23,131.73,258.8,0.02876504,0.021599449,0.000813462,0.027951578,0.020785988
2025-06-30,135.00,265.02,0.024523201,0.023749732,0.000807692,0.023715509,0.02294204
2025-07-07,134.10,263.19,-0.006723089,-0.00692909,0.000817308,-0.007540396,-0.007746398
2025-07-14,133.89,262.62,-0.00155785,-0.002168084,0.000819231,-0.002377081,-0.002987315
2025-07-21,135.79,266.2,0.014081104,0.013539786,0.000817308,0.013263797,0.012722478
2025-07-28,132.11,259.1,-0.02746004,-0.027033818,0.000817308,-0.028277348,-0.027851126
2025-08-04,134.53,263.7,0.018193234,0.017598006,0.000813462,0.017379773,0.016784544
2025-08-11,136.17,266.62,0.012117792,0.01101233,0.000798077,0.011319715,0.010214253
2025-08-18,138.33,270.8,0.015716425,0.015556117,0.000794231,0.014922194,0.014761887
2025-08-25,138.35,270.48,0.000143601,-0.001182383,0.000792308,-0.000648707,-0.00197469
2025-09-01,138.72,271.11,0.002655012,0.002326484,0.000784615,0.001870396,0.001541869
2025-09-08,140.54,274.51,0.013028304,0.012463048,0.000769231,0.012259073,0.011693817
2025-09-15,139.62,274.2,-0.006528512,-0.001129923,0.000757692,-0.007286204,-0.001887615
2025-09-22,140.78,274.91,0.008243044,0.002586004,0.000748077,0.007494967,0.001837927
2025-09-29,141.55,276.18,0.005454652,0.004609056,0.000744231,0.004710421,0.003864825
2025-10-06,137.47,267.98,-0.029247314,-0.030140476,0.000742308,-0.029989622,-0.030882784
2025-10-13,140.11,273.04,0.019022117,0.018705954,0.000742308,0.018279809,0.017963646
2025-10-20,141.62,276.01,0.010719543,0.010818792,0.000742308,0.009977236,0.010076485
2025-10-27,141.41,273.85,-0.001483878,-0.007856586,0.000730769,-0.002214648,-0.008587355
,,,,,,,
,,,,,,,
mean,,,0.0022,0.0016,0.0003,0.0020,0.0014
SD,,,0.0210,0.0208,0.0004,0.0210,0.0208
Corell,,,0.9887,,,,
Cov,,,0.0004,,,,
Annual,,,,,,,
Mean,,,0.1169,0.0852,0.0142,0.1028,0.0710
St. Dev,,,0.1512,0.1497,0.0025,0.1512,0.1498
beta,,,0.9984,1.0000,,,
,,,,,,,
Sharpe Ratio,,,0.6797,0.4742,,,
TI,,,0.1029,0.0710,,,
Jensen alpha,,,0.0319,0.0000,,,
,,,,,,,
,,,,,,,
,,,,,,,
Total Risk,,,0.0229,0.0224,,,
Sys. Risk,,,0.0223,0.0224,,,
Non-sys Risk,,,0.0005,0.0000,,,
%,,,,,,,
Sys. Risk,,,97.76%,100.00%,,,
Non-sys Risk,,,2.24%,0.00%,,,
