Date,Open,High,Low,Close,Adj Close,Volume
2006-11-13,50.509998,50.599998,50.259998,50.540001,28.241432,77200
2006-11-20,50.689999,50.740002,50.380001,50.43,28.179962,45900
2006-11-27,50.290001,50.77,49.82,50.380001,28.152021,62100
2006-12-04,50.599998,51.07,50.599998,51,28.498466,34200
2006-12-11,50.990002,51.950001,50.93,51.849998,28.97344,85400
2006-12-18,51.959999,52.029999,51.360001,51.369999,28.705219,24000
2006-12-25,51.349998,52.080002,51.349998,51.709999,28.993296,40000
2007-01-01,51.959999,52.09,51.16,51.23,28.724161,56900
2007-01-08,51.189999,51.52,50.93,51.5,28.875542,167500
2007-01-15,51.5,51.75,51.400002,51.720001,28.998909,46100
2007-01-22,51.790001,52.080002,51.299999,51.450001,28.847523,58500
2007-01-29,51.540001,52.459999,51.450001,52.419998,29.391378,71300
2007-02-05,52.369999,52.509998,52,52.16,29.245609,104300
2007-02-12,52.169998,52.830002,51.98,52.689999,29.542763,143900
2007-02-19,52.610001,52.860001,52.34,52.48,29.425022,70600
2007-02-26,52.84,52.84,50.450001,50.450001,28.286821,214000
2007-03-05,50.310001,51.139999,50,51.040001,28.617626,57700
2007-03-12,50.98,51.130001,49.82,50.380001,28.247564,41200
2007-03-19,50.59,52.299999,50.580002,52.27,29.307283,48300
2007-03-26,51.810001,52.040001,51.240002,51.560001,28.909187,59000
2007-04-02,51.720001,52.259998,51.5,52.220001,29.430143,37300
2007-04-09,52.220001,52.560001,52,52.560001,29.621763,46400
2007-04-16,52.869999,53.700001,52.869999,53.639999,30.230448,29000
2007-04-23,53.799999,54.09,53.27,54.060001,30.467123,25400
2007-04-30,54.040001,54.709999,53.650002,54.48,30.703821,47200
2007-05-07,54.689999,54.799999,54.119999,54.400002,30.658762,38500
2007-05-14,54.619999,55.279999,54.349998,55.259998,31.143427,53400
2007-05-21,55.34,55.529999,54.720001,54.849998,30.912365,41100
2007-05-28,55.02,55.529999,54.82,55.439999,31.24486,61000
2007-06-04,55.389999,55.549999,53.639999,54.59,30.765821,127300
2007-06-11,54.41,55.43,53.830002,55.25,31.137787,77900
2007-06-18,55.330002,55.360001,53.919998,54,30.433317,73900
2007-06-25,53.779999,54.43,53.23,53.919998,30.388231,52500
2007-07-02,54.240002,54.82,54.240002,54.580002,30.929731,26200
2007-07-09,54.75,55.73,54,55.630001,31.52475,161500
2007-07-16,55.619999,55.720001,54.709999,54.709999,31.003405,63500
2007-07-23,55.080002,55.25,52.25,52.259998,29.615005,123200
2007-07-30,51.950001,53.080002,51.259998,51.459999,29.161673,105200
2007-08-06,51.560001,53.990002,51.18,52.529999,29.768019,111600
2007-08-13,52.759998,52.939999,50,52.830002,29.938046,68900
2007-08-20,52.540001,53.599998,52.189999,53.599998,30.374371,86300
2007-08-27,53.310001,53.43,51.959999,53.099998,30.09104,45400
2007-09-03,53.09,53.68,52.310001,52.48,29.739683,37100
2007-09-10,52.5,53.810001,51.990002,53.66,30.408384,38900
2007-09-17,53.509998,55.59,53.380001,55.130001,31.2414,60900
2007-09-24,54.720001,54.779999,54.07,54.650002,30.969397,53700
2007-10-01,54.689999,55.73,54.689999,55.599998,31.706749,36300
2007-10-08,55.470001,55.869999,55.16,55.389999,31.586981,32200
2007-10-15,56.529999,56.529999,53.169998,53.169998,30.321003,45100
2007-10-22,52.990002,54.299999,52.84,54.299999,30.96541,56300
2007-10-29,54.509998,54.639999,52.299999,52.799999,30.109993,73200
2007-11-05,52.299999,53.02,51.18,51.5,29.368662,92900
2007-11-12,51.82,52.959999,51.209999,51.650002,29.454189,275800
2007-11-19,51.580002,51.580002,50.139999,50.880001,29.015085,159100
2007-11-26,50.919998,52.709999,49.720001,52.619999,30.007366,122300
2007-12-03,52.369999,53.580002,51.919998,53.400002,30.452158,64000
2007-12-10,53.490002,54,51.490002,51.669998,29.465609,78600
2007-12-17,51.169998,51.990002,50.73,51.91,29.855377,40800
2007-12-24,52.639999,53.040001,51.389999,51.459999,29.596556,157000
2007-12-31,50.970001,51.470001,49.59,49.650002,28.555553,82200
2008-01-07,50.060001,50.43,48.799999,49.599998,28.526789,208600
2008-01-14,49.849998,49.900002,46.48,46.73,26.87615,191200
2008-01-21,50,50,42,47.360001,27.238493,124600
2008-01-28,47.209999,50.209999,47.150002,50.209999,28.877638,222500
2008-02-04,50.360001,50.360001,47.509998,47.689999,27.428286,176900
2008-02-11,47.599998,49.48,47.32,48.259998,27.756111,108400
2008-02-18,50.599998,50.599998,47.200001,48.150002,27.69285,200300
2008-02-25,48.18,49.189999,46.919998,47.060001,27.065952,160000
2008-03-03,47.189999,47.470001,45.389999,45.700001,26.283766,209800
2008-03-10,45.610001,47.459999,45.049999,45.82,26.352779,238700
2008-03-17,45,48.41,44.73,48.110001,27.669847,160000
2008-03-24,48.349998,48.82,46.779999,46.830002,26.93367,102800
2008-03-31,46.25,49.34,46.25,48.52,28.120668,124100
2008-04-07,48.959999,49.549999,46.950001,47.049999,27.2687,96800
2008-04-14,46.860001,48.57,46.5,48.330002,28.010548,62200
2008-04-21,48.650002,48.790001,47.540001,48.580002,28.155436,108800
2008-04-28,48.740002,49.68,48.200001,49.450001,28.659666,91700
2008-05-05,49.41,49.41,47.959999,48.09,27.871454,79500
2008-05-12,48.110001,49.150002,48.110001,49.080002,28.445225,127300
2008-05-19,49.169998,49.580002,47.5,47.5,27.529518,244100
2008-05-26,48.130001,48.43,47.380001,48.150002,27.906227,68300
2008-06-02,47.93,47.970001,46.450001,46.470001,26.932556,125300
2008-06-09,46.639999,46.779999,45.52,45.970001,26.642763,103700
2008-06-16,46.529999,47.759998,44.5,44.669998,25.889313,179400
2008-06-23,44.860001,44.900002,41.830002,42.790001,24.799736,149000
2008-06-30,42.849998,43.330002,42.25,42.43,24.797832,59000
2008-07-07,42.82,43.419998,41.599998,42.07,24.587439,198200
2008-07-14,42.720001,43.419998,40.389999,43.25,25.277082,188500
2008-07-21,43.450001,44.77,42.720001,43.09,25.183569,182900
2008-07-28,43.599998,44.240002,42.330002,43.599998,25.481634,97000
2008-08-04,43.66,45.009998,43.16,44.880001,26.229725,78400
2008-08-11,45.490002,46.16,43.98,44.889999,26.235563,131900
2008-08-18,44.889999,44.889999,43.25,44.459999,25.984257,152800
2008-08-25,44.200001,44.889999,43.380001,44.41,25.955029,137100
2008-09-01,45.209999,45.290001,43,43.950001,25.686193,186400
2008-09-08,45.57,45.57,43.099998,44.380001,25.937498,152200
2008-09-15,44.110001,49,40.599998,45.209999,26.422586,303000
2008-09-22,47.029999,47.029999,40.93,43.529999,25.440727,139900
2008-09-29,42.580002,42.830002,40.369999,40.490002,23.870794,189400
2008-10-06,39.25,39.73,30.9,35.150002,20.722614,301600
2008-10-13,38.189999,40.139999,32.369999,34.740002,20.480902,618600
2008-10-20,35.27,36.389999,32.080002,32.82,19.348961,556800
2008-10-27,32.57,36.220001,31.76,35.73,21.064543,475200
2008-11-03,36.080002,37.310001,33.509998,34.599998,20.398355,510700
2008-11-10,35.66,35.689999,31,32.82,19.348961,558700
2008-11-17,32.610001,33.25,27.860001,30.02,17.698225,809200
2008-11-24,30.82,33.75,30.26,33.75,19.897236,405400
2008-12-01,33.75,33.75,30.65,33.540001,19.773443,568800
2008-12-08,35.43,35.43,31.65,32.779999,19.325377,1048600
2008-12-15,32.919998,34.119999,32,33.080002,19.502249,755200
2008-12-22,32.970001,32.970001,31.73,32.310001,19.0483,894900
2008-12-29,32.27,34.529999,31.66,34.380001,20.472891,1025800
2009-01-05,34.25,34.540001,32.459999,32.52,19.365282,1372900
2009-01-12,32.5,32.5,29.52,30.48,18.150482,1590500
2009-01-19,30.129999,30.200001,28.57,29.58,17.614544,1149800
2009-01-26,29.68,31.18,28.98,29.24,17.412079,1509200
2009-02-02,28.76,30.43,28.48,30.299999,18.043303,1399300
2009-02-09,30.299999,30.66,28.1,28.610001,17.036926,2183800
2009-02-16,28.290001,28.290001,25.48,26.18,15.589884,1307600
2009-02-23,26.43,26.9,25.049999,25.25,15.036078,952400
2009-03-02,24.74,24.74,22.450001,23.07,13.737919,841800
2009-03-09,22.74,26.17,22.68,26.09,15.5363,571800
2009-03-16,26.49,28.370001,25.809999,26.75,15.929315,558200
2009-03-23,27.85,28.809999,27.030001,28.209999,16.798723,603000
2009-03-30,27.700001,29.1,26.85,29.040001,17.485889,466600
2009-04-06,28.76,29.76,28,29.74,17.907377,283000
2009-04-13,29.530001,30.67,28.91,30.440001,18.328871,594300
2009-04-20,29.969999,30.280001,28.43,30,18.063934,748800
2009-04-27,29.91,30.74,29.33,30.24,18.208447,494000
2009-05-04,30.66,32.810001,30.610001,32.810001,19.755917,609800
2009-05-11,32.25,32.380001,30.700001,30.860001,18.581764,445900
2009-05-18,31.309999,32.200001,30.66,30.950001,18.635962,348000
2009-05-25,30.780001,31.940001,30.77,31.940001,19.232061,256700
2009-06-01,32.470001,32.939999,31.91,32.41,19.515068,410800
2009-06-08,32.27,33.099998,32,32.779999,19.737856,379800
2009-06-15,32.48,32.48,31.18,31.799999,19.147764,383000
2009-06-22,31.52,31.59,30.629999,31.389999,18.900892,833700
2009-06-29,31.559999,31.959999,30.870001,30.91,18.782124,250500
2009-07-06,30.639999,30.9,29.860001,30.18,18.338543,352000
2009-07-13,30.24,32.459999,30.18,32.240002,19.590282,555400
2009-07-20,32.419998,33.669998,32.209999,33.669998,20.4592,372800
2009-07-27,33.599998,34.48,33.400002,34.259998,20.817715,613200
2009-08-03,34.619999,35.790001,34.369999,35.509998,21.577261,455200
2009-08-10,35.400002,35.540001,34.75,35.189999,21.382814,435900
2009-08-17,34.59,36.099998,34.27,36.049999,21.90539,435500
2009-08-24,36.25,36.57,35.740002,36.189999,21.990456,613500
2009-08-31,35.830002,36.169998,34.720001,35.549999,21.601572,332100
2009-09-07,35.91,36.549999,35.66,36.34,22.081596,298700
2009-09-14,36.049999,37.799999,35.98,37.48,22.774305,502800
2009-09-21,37.169998,37.900002,36.18,36.32,22.069445,466100
2009-09-28,36.389999,37.279999,35.34,35.59,21.776194,339000
2009-10-05,35.799999,37.299999,35.709999,37.299999,22.822489,409900
2009-10-12,37.509998,38.150002,37.119999,37.700001,23.067223,538100
2009-10-19,37.799999,38.189999,37.189999,37.34,22.846951,367300
2009-10-26,37.389999,37.639999,35.59,35.73,21.861855,393000
2009-11-02,35.880001,36.77,35.310001,36.689999,22.449244,624300
2009-11-09,36.970001,38.009998,36.959999,37.529999,22.963211,486700
2009-11-16,37.849998,38.299999,37.439999,37.68,23.054983,306200
2009-11-23,38.02,38.360001,37.25,37.689999,23.0611,244800
2009-11-30,37.75,38.720001,37.509998,38.330002,23.452703,425300
2009-12-07,38.369999,38.549999,37.669998,38.349998,23.464935,364600
2009-12-14,38.57,38.650002,37.709999,37.970001,23.232422,354200
2009-12-21,38.240002,38.5,38.099998,38.380001,23.483295,325700
2009-12-28,38.419998,38.560001,38,38,23.446938,264400
2010-01-04,38.18,38.73,38.18,38.720001,23.891197,320200
2010-01-11,38.900002,39.099998,38.5,38.720001,23.891197,335100
2010-01-18,38.700001,39.139999,37.34,37.34,23.0397,384300
2010-01-25,37.73,37.73,36.75,36.830002,22.725018,469900
2010-02-01,37.060001,37.84,35.84,36.52,22.533739,499100
2010-02-08,36.529999,37,36.200001,36.950001,22.799068,427600
2010-02-15,37.259998,38.099998,37.099998,38.02,23.459284,297700
2010-02-22,38.130001,38.169998,37.27,37.73,23.280346,396700
2010-03-01,37.880001,38.779999,37.860001,38.75,23.909706,696600
2010-03-08,38.799999,39.209999,38.650002,39.040001,24.088646,590900
2010-03-15,39.009998,39.869999,38.939999,39.57,24.415674,456900
2010-03-22,39.360001,40.099998,39.330002,39.459999,24.347795,651400
2010-03-29,39.610001,39.950001,39.5,39.84,24.724451,373100
2010-04-05,40,40.290001,39.689999,40.279999,24.997509,568700
2010-04-12,40.360001,40.880001,40.139999,40.369999,25.053368,508600
2010-04-19,40.209999,40.98,40.139999,40.98,25.431932,459900
2010-04-26,41.040001,41.119999,39.950001,40.25,24.978895,522600
2010-05-03,40.48,41.41,17.040001,37.959999,23.557734,1100800
2010-05-10,39.400002,39.860001,38.490002,38.75,24.048004,597600
2010-05-17,38.849998,39.25,36,37.150002,23.055056,896200
2010-05-24,37.009998,37.529999,35.639999,37.080002,23.011612,600400
2010-05-31,36.77,37.669998,36.150002,36.240002,22.490316,422000
2010-06-07,36.400002,37.25,35.650002,37.25,23.117113,361800
2010-06-14,37.66,38.209999,37.220001,38.119999,23.657028,348500
2010-06-21,38.580002,38.580002,36.27,36.48,22.639261,349500
2010-06-28,36.650002,36.720001,34.669998,35.040001,21.906069,620700
2010-07-05,35.43,36.790001,34.889999,36.75,22.975109,256500
2010-07-12,36.700001,37.459999,36.380001,36.439999,22.781309,366200
2010-07-19,36.59,37.73,36.23,37.700001,23.569019,407400
2010-07-26,37.880001,38.380001,37.349998,37.790001,23.625292,294700
2010-08-02,38.389999,38.599998,37.950001,38.41,24.012903,373500
2010-08-09,38.639999,38.709999,36.66,37.32,23.331461,467700
2010-08-16,37.189999,37.98,36.799999,37.040001,23.15641,466600
2010-08-23,37.279999,37.400002,36.099998,37.02,23.143908,487800
2010-08-30,36.939999,38.18,36.25,38.139999,23.84409,391300
2010-09-06,38.049999,38.389999,37.700001,38.279999,23.931622,339800
2010-09-13,38.700001,38.950001,38.400002,38.779999,24.244207,508100
2010-09-20,38.939999,39.509998,38.700001,39.189999,24.500534,567100
2010-09-27,39.279999,39.48,38.720001,39.130001,24.638273,915900
2010-10-04,39.09,39.900002,38.669998,39.82,25.072731,1002700
2010-10-11,39.939999,40.32,39.549999,40.009998,25.192377,1825300
2010-10-18,40.049999,40.52,39.509998,40.220001,25.324598,1231300
2010-10-25,40.540001,40.580002,39.759998,40.240002,25.337191,666800
2010-11-01,40.439999,41.380001,40,41.349998,26.036112,993700
2010-11-08,41.25,41.380001,40.43,40.59,25.557583,721600
2010-11-15,40.77,40.91,39.830002,40.66,25.601658,1173000
2010-11-22,40.52,40.599998,39.91,40.25,25.343493,517800
2010-11-29,40.080002,41.450001,39.740002,41.419998,26.080181,633000
2010-12-06,41.380001,42,41.27,41.98,26.432795,763400
2010-12-13,42.18,42.330002,41.93,42.32,26.646866,1140800
2010-12-20,42.450001,42.529999,42.09,42.220001,26.583904,953400
2010-12-27,42.18,42.389999,42.060001,42.220001,26.781561,687000
2011-01-03,42.549999,42.630001,42.18,42.439999,26.921122,1486000
2011-01-10,42.34,42.790001,42.060001,42.779999,27.136789,689800
2011-01-17,42.869999,42.970001,42.490002,42.869999,27.19388,725300
2011-01-24,42.91,43.380001,42.599998,42.669998,27.067024,1007100
2011-01-31,42.84,43.560001,42.650002,43.549999,27.625233,672400
2011-02-07,43.689999,44.029999,43.549999,43.959999,27.885296,862000
2011-02-14,43.98,44.549999,43.779999,44.549999,28.259563,681400
2011-02-21,44.169998,44.459999,43.439999,44.009998,27.917017,959300
2011-02-28,44.200001,44.549999,43.68,44.200001,28.037546,754600
2011-03-07,44.599998,44.599998,43.419998,43.810001,27.790154,704900
2011-03-14,43.57,43.66,42.080002,43.02,27.289028,1041400
2011-03-21,43.619999,44.110001,43.330002,43.869999,27.828207,654500
2011-03-28,43.990002,44.66,43.650002,44.560001,28.466419,722000
2011-04-04,44.700001,44.990002,44.5,44.68,28.543076,717200
2011-04-11,44.689999,44.900002,43.959999,44.689999,28.549463,527800
2011-04-18,44.279999,45.23,43.93,45.080002,28.798605,573500
2011-04-25,45.080002,46.150002,44.880001,46.110001,29.456614,645700
2011-05-02,46.360001,46.360001,45.09,45.450001,29.034975,739000
2011-05-09,45.529999,46.02,45.349998,45.669998,29.17552,543200
2011-05-16,45.560001,46.029999,45.200001,45.669998,29.17552,668000
2011-05-23,45.189999,45.549999,44.939999,45.419998,29.015812,1222300
2011-05-30,45.860001,45.880001,44.279999,44.439999,28.389759,657400
2011-06-06,44.290001,44.52,43.709999,43.73,27.936182,675900
2011-06-13,43.889999,44.540001,43.599998,44.09,28.166172,848600
2011-06-20,43.98,44.830002,43.48,43.52,27.802031,1112900
2011-06-27,43.599998,45.580002,43.540001,45.540001,29.314301,1058900
2011-07-04,45.529999,46.049999,45.330002,45.689999,29.410854,1378400
2011-07-11,45.32,45.470001,44.709999,44.990002,28.960274,711500
2011-07-18,44.849998,45.73,44.349998,45.529999,29.307863,759000
2011-07-25,45.169998,45.470001,43.549999,43.759998,28.168501,1182100
2011-08-01,44.34,44.369999,40.279999,41.389999,26.642914,3498800
2011-08-08,40.470001,41.150002,38.279999,40.82,26.276024,4126000
2011-08-15,41.200001,42.009998,39.810001,39.900002,25.683821,2569900
2011-08-22,40.689999,41.830002,39.830002,41.290001,26.57856,1968700
2011-08-29,41.810001,42.889999,41.259998,41.360001,26.62361,2241200
2011-09-05,40.290001,42.209999,40.27,40.68,26.185898,1315700
2011-09-12,40.279999,42.669998,40.07,42.610001,27.428251,1561600
2011-09-19,42.02,42.799999,39.459999,39.939999,25.709557,2044500
2011-09-26,40.349998,41.799999,39.82,40.419998,26.219461,1672200
2011-10-03,40.240002,41.5,38.619999,41.07,26.641104,2291300
2011-10-10,41.790001,42.889999,41.689999,42.889999,27.821697,2152200
2011-10-17,42.779999,43.669998,42.009998,43.669998,28.327665,2060100
2011-10-24,43.740002,44.950001,43.029999,44.599998,28.930929,2700200
2011-10-31,44.150002,44.259998,42.549999,43.73,28.366583,3493300
2011-11-07,43.73,44.549999,43.040001,44.380001,28.788219,2616000
2011-11-14,44.299999,44.349998,42.799999,43.110001,27.964403,2407900
2011-11-21,42.68,42.68,41.380001,41.380001,26.842196,1911400
2011-11-28,42.349998,44.509998,42.099998,44.029999,28.561186,1662700
2011-12-05,44.66,44.830002,43.779999,44.549999,28.898495,1610700
2011-12-12,44.32,44.540001,43.52,44.049999,28.574158,1945000
2011-12-19,44.18,45.41,43.52,45.41,29.456358,3754800
2011-12-26,45.349998,45.549999,44.919998,45.259998,29.607052,2506200
2012-01-02,45.889999,45.950001,45.23,45.580002,29.816391,2902100
2012-01-09,45.68,46.09,45.41,45.880001,30.012617,2655900
2012-01-16,46.189999,46.59,45.830002,46.59,30.477077,2683700
2012-01-23,46.580002,46.93,46.07,46.32,30.300467,2995200
2012-01-30,45.98,46.950001,45.75,46.93,30.699486,3422100
2012-02-06,46.75,47.169998,46.57,46.740002,30.575195,2521600
2012-02-13,47.060001,47.459999,46.639999,47.43,31.026573,2340100
2012-02-20,47.560001,47.580002,47.09,47.48,31.059273,1829300
2012-02-27,47.27,47.82,47.16,47.59,31.131229,1909100
2012-03-05,47.529999,47.77,46.889999,47.68,31.190107,1862700
2012-03-12,47.720001,48.740002,47.68,48.59,31.785383,2518000
2012-03-19,48.529999,48.790001,48.009998,48.34,31.621847,2305900
2012-03-26,48.32,48.700001,47.75,48.470001,31.706894,2872200
2012-04-02,48.450001,48.860001,47.880001,48.029999,31.633699,3355500
2012-04-09,47.540001,47.68,46.75,47.139999,31.047529,2335200
2012-04-16,47.330002,48.119999,47.169998,47.939999,31.574427,1575200
2012-04-23,47.529999,48.66,47.32,48.549999,31.976175,2276900
2012-04-30,48.5,48.98,47.700001,47.75,31.449305,1893300
2012-05-07,47.52,47.84,46.93,47.349998,31.185833,2090700
2012-05-14,46.990002,47.189999,45.849998,45.919998,30.243998,3250900
2012-05-21,46.040001,46.68,45.669998,46.43,30.579908,2405400
2012-05-28,46.740002,46.860001,45.27,45.299999,29.835657,2436700
2012-06-04,45.369999,46.849998,45,46.830002,30.843357,2253000
2012-06-11,47.209999,47.73,46.380001,47.68,31.403185,2069400
2012-06-18,47.560001,48.25,47.110001,47.459999,31.258287,1909000
2012-06-25,46.630001,48.150002,46.290001,48.119999,31.69297,2662200
2012-07-02,48.209999,48.5,47.75,47.91,31.802608,2463800
2012-07-09,47.939999,48.259998,47.290001,48.25,32.028278,1843000
2012-07-16,48.169998,49.110001,47.860001,48.540001,32.220787,1982600
2012-07-23,47.919998,49.419998,47.32,49.27,32.705376,1807100
2012-07-30,49.27,49.580002,48.34,49.459999,32.831478,2106800
2012-08-06,49.630001,49.84,49.439999,49.84,33.083736,1511000
2012-08-13,49.77,50.080002,49.529999,49.98,33.176662,1995100
2012-08-20,49.939999,50.150002,49.169998,49.599998,32.924423,1736200
2012-08-27,49.700001,49.77,49.220001,49.529999,32.877956,1747200
2012-09-03,49.459999,50.43,49.18,50.360001,33.428909,1550300
2012-09-10,50.310001,51.310001,50.16,51.07,33.900204,2091500
2012-09-17,50.889999,51.41,50.799999,51.150002,33.953316,1748900
2012-09-24,50.599998,51.040001,50.200001,50.400002,33.455471,1822900
2012-10-01,50.560001,51.470001,50.400002,51.259998,34.296543,2052800
2012-10-08,51.099998,51.209999,50.080002,50.18,33.573959,2164200
2012-10-15,50.200001,51.400002,50.16,50.540001,33.814819,2707400
2012-10-22,50.5,50.529999,49.540001,49.849998,33.353153,2191100
2012-10-29,50.150002,50.57,49.669998,49.869999,33.366535,1617400
2012-11-05,49.689999,50.459999,48.34,48.700001,32.583736,3114200
2012-11-12,48.759998,48.919998,47.360001,47.900002,32.048466,3439900
2012-11-19,48.299999,49.450001,48.27,49.450001,33.085529,1495000
2012-11-26,49.200001,49.830002,48.669998,49.73,33.272861,2636700
2012-12-03,49.91,49.990002,49.259998,49.990002,33.446819,2654200
2012-12-10,49.959999,50.66,49.860001,49.939999,33.413372,4023500
2012-12-17,50.07,50.799999,49.389999,49.669998,33.232712,4115000
2012-12-24,49.5,49.549999,48.610001,48.630001,32.858154,4000000
2012-12-31,48.5,50.73,48.5,50.66,34.229786,2958500
2013-01-07,50.529999,50.93,50.200001,50.869999,34.371666,3806300
2013-01-14,50.869999,51.560001,50.77,51.52,34.810863,2620000
2013-01-21,51.48,52.18,51.41,52.18,35.256809,2972000
2013-01-28,52.240002,52.639999,51.959999,52.619999,35.554092,3309900
2013-02-04,52.34,52.779999,52.09,52.73,35.628422,3226000
2013-02-11,52.720001,53.060001,52.59,52.950001,35.777081,2396900
2013-02-18,53.07,53.43,52.650002,53.209999,35.952751,2707100
2013-02-25,53.470001,53.610001,52.389999,53.43,36.101402,2651000
2013-03-04,53.299999,54.470001,53.240002,54.349998,36.723026,3212600
2013-03-11,54.32,54.810001,54.25,54.619999,36.90546,2459400
2013-03-18,54.16,54.82,54.07,54.389999,36.75005,2474600
2013-03-25,54.580002,54.889999,54.040001,54.810001,37.281193,2521600
2013-04-01,54.779999,55.119999,54.209999,54.650002,37.172352,3287000
2013-04-08,54.709999,56.060001,54.459999,55.869999,38.002193,3720300
2013-04-15,55.529999,55.580002,54.470001,55.18,37.53286,3807300
2013-04-22,55.299999,56.259998,55,56.07,38.138226,3127200
2013-04-29,56.189999,56.849998,55.849998,56.669998,38.546345,2956600
2013-05-06,56.669998,57.09,56.529999,56.959999,38.743603,3018600
2013-05-13,56.880001,58.400002,56.700001,58.380001,39.709473,3963800
2013-05-20,58.32,59.080002,57.439999,57.91,39.389782,2946100
2013-05-27,58.5,58.669998,56.869999,56.869999,38.682377,2986500
2013-06-03,57.009998,57.720001,56.220001,57.66,39.219734,4008200
2013-06-10,57.889999,57.889999,56.73,57.360001,39.015671,2591500
2013-06-17,57.759998,58.27,55.799999,56.32,38.308266,4937200
2013-06-24,55.439999,57.029999,54.900002,56.369999,38.342289,4058000
2013-07-01,56.75,57.139999,56.25,57.110001,39.136791,2546300
2013-07-08,57.450001,58.73,57.330002,58.650002,40.192135,4416800
2013-07-15,58.73,59.150002,58.529999,59.09,40.493664,2998300
2013-07-22,59.130001,59.380001,58.490002,59.029999,40.452538,2315500
2013-07-29,58.970001,59.470001,58.790001,59.470001,40.754066,2492300
2013-08-05,59.380001,59.400002,58.669998,58.900002,40.363464,1980800
2013-08-12,58.68,58.970001,57.279999,57.439999,39.362934,2367200
2013-08-19,57.389999,57.720001,56.73,57.68,39.527409,3381800
2013-08-26,57.720001,57.720001,56.41,56.59,38.780441,3086400
2013-09-02,56.939999,57.220001,56.32,56.900002,38.992882,2184900
2013-09-09,57.09,58.200001,57.029999,58.169998,39.863194,2743500
2013-09-16,58.830002,59.709999,58.5,58.950001,40.39772,2513000
2013-09-23,58.369999,58.450001,57.650002,57.799999,39.609646,2380800
2013-09-30,57.400002,57.869999,57.029999,57.580002,39.753574,2376500
2013-10-07,57.130001,58.23,56.52,58.23,40.202335,2998000
2013-10-14,57.900002,59.549999,57.82,59.509998,41.086063,2593300
2013-10-21,59.599998,60.18,59.380001,60.18,41.54863,1986300
2013-10-28,60.200001,60.84,60.049999,60.41,41.707424,1986200
2013-11-04,60.619999,61.240002,60.27,61.060001,42.156185,2196200
2013-11-11,61,61.73,60.5,61.73,42.61874,1910800
2013-11-18,61.91,61.950001,61.150002,61.919998,42.749928,2080900
2013-11-25,62.080002,62.080002,61.509998,61.610001,42.535904,1665400
2013-12-02,61.650002,61.689999,60.73,61.599998,42.528999,4595200
2013-12-09,61.790001,61.84,60.439999,60.59,41.831707,2071700
2013-12-16,60.810001,61.790001,60.349998,61.400002,42.390926,3926000
2013-12-23,61.669998,62.299999,61.439999,62.209999,43.324062,1572900
2013-12-30,62.209999,62.380001,61.59,61.73,42.989799,2251600
2014-01-06,61.98,62.009998,61.450001,61.880001,43.094261,3111100
2014-01-13,61.799999,62.130001,61.16,61.709999,42.975861,2484100
2014-01-20,62.049999,62.080002,60.130001,60.130001,41.875526,2491900
2014-01-27,60.150002,60.330002,59.400002,59.830002,41.666603,4015900
2014-02-03,59.830002,60,58.349998,59.959999,41.75713,4460200
2014-02-10,60.080002,61.580002,59.830002,61.450001,42.794792,3277300
2014-02-17,61.560001,61.650002,60.93,61.32,42.704258,1752100
2014-02-24,61.43,62.279999,61.34,61.990002,43.170872,2642500
2014-03-03,61.529999,62.619999,61.220001,62.490002,43.519066,2581300
2014-03-10,62.400002,62.529999,61.549999,61.599998,42.899254,2238900
2014-03-17,61.93,63.110001,61.740002,62.540001,43.553883,2539700
2014-03-24,62.279999,62.889999,61.889999,62.66,43.637459,2833800
2014-03-31,63.09,63.91,62.98,63.07,44.206436,2552500
2014-04-07,62.970001,63.330002,61.810001,61.860001,43.358326,2509500
2014-04-14,62.27,63.470001,61.77,63.349998,44.402687,1626500
2014-04-21,63.41,64,63.290001,63.650002,44.612976,2217800
2014-04-28,64,64.57,63.630001,64.220001,45.012497,2280700
2014-05-05,63.990002,64.519997,63.73,64.209999,45.005482,2347100
2014-05-12,64.540001,64.739998,63.82,64.199997,44.998466,2480100
2014-05-19,64.07,64.709999,63.759998,64.699997,45.348923,1802200
2014-05-26,64.949997,65.510002,64.839996,65.470001,45.888622,2634100
2014-06-02,65.57,66.239998,65.269997,66.190002,46.39328,2229600
2014-06-09,66.209999,66.400002,65.580002,65.980003,46.246086,2871800
2014-06-16,65.940002,67.129997,65.860001,67.059998,47.003082,2862500
2014-06-23,66.620003,66.629997,65.800003,66.339996,46.498398,2826200
2014-06-30,66.339996,66.910004,66.199997,66.910004,47.233208,2239300
2014-07-07,66.830002,66.900002,66.099998,66.580002,47.000252,2186900
2014-07-14,66.889999,67.190002,66.339996,66.970001,47.275558,2078000
2014-07-21,66.800003,67.25,66.529999,66.93,47.247318,2015600
2014-07-28,66.93,67.25,64.790001,65.089996,45.948414,3061900
2014-08-04,65.18,65.470001,64.419998,65.260002,46.068428,2755400
2014-08-11,65.5,66.410004,65.239998,66.089996,46.654339,3350800
2014-08-18,66.419998,67.309998,66.339996,67.07,47.346142,2745000
2014-08-25,67.360001,67.660004,67.199997,67.660004,47.762642,2067400
2014-09-01,67.760002,67.769997,67.160004,67.690002,47.783833,1644200
2014-09-08,67.639999,67.650002,66.860001,67.120003,47.381451,2340300
2014-09-15,67.139999,68.32,66.970001,68.089996,48.066196,3086800
2014-09-22,67.559998,67.580002,66.169998,66.669998,47.063789,4761600
2014-09-29,66.18,66.779999,65.019997,66.160004,47.027695,3296900
2014-10-06,66.389999,66.480003,64.57,64.589996,45.911697,4102600
2014-10-13,64.559998,64.860001,61.810001,63.82,45.364365,7029500
2014-10-20,63.790001,66.419998,63.759998,66.389999,47.191177,5362900
2014-10-27,66.059998,68.150002,65.980003,68.050003,48.371132,4181400
2014-11-03,68.050003,68.889999,67.760002,68.870003,48.954006,3587600
2014-11-10,68.889999,69.419998,68.75,69.209999,49.195683,3156700
2014-11-17,69.099998,70.489998,69.029999,70.059998,49.799877,2924300
2014-11-24,70.269997,70.309998,69.900002,70.110001,49.835415,2365800
2014-12-01,69.900002,70.370003,69.449997,70.199997,49.899372,3681800
2014-12-08,70.040001,70.089996,67.360001,67.400002,47.909092,3972200
2014-12-15,67.730003,69.349998,66.43,69.120003,49.13171,4798900
2014-12-22,69.260002,70.040001,69.120003,69.919998,50.115467,2661200
2014-12-29,69.639999,70.110001,68.330002,68.730003,49.262539,3007500
2015-01-05,68.43,69.199997,66.730003,68.550003,49.133507,5043900
2015-01-12,68.650002,69.059998,66.860001,67.910004,48.674801,4814200
2015-01-19,68.18,69.32,67.489998,68.739998,49.269691,3197500
2015-01-26,68.690002,68.919998,66.669998,66.769997,47.857685,4112800
2015-02-02,67.050003,69.260002,66.400002,68.699997,49.241013,3901100
2015-02-09,68.489998,70.019997,68.25,70.010002,50.179977,3361200
2015-02-16,69.910004,70.199997,69.410004,70.169998,50.294647,2430500
2015-02-23,70.059998,70.57,69.93,70.040001,50.201469,2616600
2015-03-02,70.080002,70.269997,68.410004,68.559998,49.140675,3385700
2015-03-09,68.669998,69.059998,67.43,67.910004,48.674801,3178100
2015-03-16,68.120003,69.730003,68.110001,69.489998,49.807247,3640000
2015-03-23,69.07,69.360001,67.25,67.720001,48.53862,4481200
2015-03-30,68.089996,68.720001,67.519997,68.050003,49.101574,2363100
2015-04-06,67.779999,69.349998,67.760002,69.349998,50.039604,2285400
2015-04-13,69.300003,69.830002,68.580002,68.860001,49.686031,2305300
2015-04-20,69.209999,69.949997,69.050003,69.910004,50.443672,2363100
2015-04-27,70.040001,70.209999,69.190002,69.910004,50.443672,2832900
2015-05-04,70.050003,70.290001,68.730003,70.150002,50.616833,2308100
2015-05-11,70.110001,70.330002,69.099998,70.330002,50.746719,2451600
2015-05-18,70.230003,70.660004,70.190002,70.209999,50.660145,2713800
2015-05-25,70.040001,70.199997,69.43,69.720001,50.30658,2079600
2015-06-01,70,70,68.709999,68.800003,49.642757,2471800
2015-06-08,68.800003,69.660004,68.400002,68.949997,49.750973,2463400
2015-06-15,68.589996,70.120003,68.300003,69.540001,50.176689,2602400
2015-06-22,69.989998,70.18,68.43,68.660004,49.541737,2115000
2015-06-29,68.050003,68.290001,67.120003,67.790001,49.313625,3153000
2015-07-06,67.309998,68.169998,66.860001,67.879997,49.379097,3477100
2015-07-13,68.440002,69.120003,68.300003,68.779999,50.033798,2508500
2015-07-20,68.870003,68.870003,67,67.110001,48.818962,3413700
2015-07-27,66.849998,68.410004,66.589996,68.029999,49.488209,3074500
2015-08-03,68.07,68.379997,67.199997,67.419998,49.04446,3167200
2015-08-10,67.860001,68.279999,66.879997,68,49.466381,2650400
2015-08-17,67.82,68.269997,64.510002,64.510002,46.927608,4413000
2015-08-24,61.380001,64.709999,48.049999,64.550003,46.956699,9731100
2015-08-31,64.25,64.419998,61.919998,62.419998,45.40723,4538500
2015-09-07,63.529999,64.57,62.82,63.400002,46.120136,2651800
2015-09-14,63.450001,65.510002,63.049999,63.560001,46.236519,3397300
2015-09-21,63.849998,64.209999,61.650002,62.59,45.530907,4210300
2015-09-28,62.290001,63.470001,61.25,63.459999,46.5532,4839100
2015-10-05,63.93,66.360001,63.93,66.029999,48.438503,3433000
2015-10-12,66.029999,66.669998,65.239998,66.639999,48.885986,2642800
2015-10-19,66.470001,68.18,66.120003,68.07,49.935009,3518500
2015-10-26,68.029999,68.379997,67.339996,67.919998,49.824974,2803000
2015-11-02,67.949997,69.07,67.730003,68.349998,50.140423,3046600
2015-11-09,68.190002,68.190002,66.220001,66.290001,48.62923,2956300
2015-11-16,66.169998,68.540001,66.169998,68.160004,50.001045,2843000
2015-11-23,68.169998,68.449997,67.660004,68.260002,50.074406,1780300
2015-11-30,68.339996,68.709999,66.790001,68.230003,50.052402,3953200
2015-12-07,68.029999,68.029999,65.800003,65.910004,48.350487,4865700
2015-12-14,65.970001,68.190002,65.419998,66.010002,48.423843,5076500
2015-12-21,65.779999,67.550003,65.360001,67.349998,49.406845,3640400
2015-12-28,67.089996,67.93,66.75,66.75,49.415108,3546600
2016-01-04,65.769997,66.349998,63.16,63.279999,46.846256,8047000
2016-01-11,63.630001,64.150002,61.650002,62.41,46.20219,8252300
2016-01-18,62.939999,63.130001,60.220001,63.080002,46.698196,6359700
2016-01-25,62.860001,64.870003,62.139999,64.870003,48.023335,6706500
2016-02-01,64.389999,64.989998,62.900002,63.75,47.194195,8614100
2016-02-08,63.099998,63.950001,61.790001,63.560001,47.053535,9500700
2016-02-15,64.220001,65.459999,63.779999,65.139999,48.223202,4524300
2016-02-22,65.760002,66.43,64.18,65.720001,48.652592,4558900
2016-02-29,65.730003,67.760002,65.199997,67.529999,49.992535,4266300
2016-03-07,67.25,68.519997,67,68.489998,50.70322,5637300
2016-03-14,68.290001,69.019997,67.349998,68.879997,50.99194,6751000
2016-03-21,68.779999,69.040001,67.919998,68.419998,51.008236,3838400
2016-03-28,68.580002,69.480003,68.120003,69.349998,51.701565,3927500
2016-04-04,69.290001,69.32,68.110001,68.639999,51.172245,3866600
2016-04-11,68.849998,69.760002,68.470001,69.57,51.865559,4037900
2016-04-18,69.379997,70.599998,69.309998,69.870003,52.089237,3903100
2016-04-25,69.699997,70.519997,69.099998,69.540001,51.843212,3442200
2016-05-02,69.709999,70.029999,68.68,69.279999,51.649372,4189700
2016-05-09,69.290001,70.110001,68.970001,69.110001,51.522636,3215000
2016-05-16,69.160004,69.889999,68.239998,69.089996,51.507721,4662200
2016-05-23,69.089996,70.550003,68.889999,70.550003,52.59618,3075300
2016-05-30,70.690002,70.919998,70.150002,70.830002,52.804913,3714900
2016-06-06,70.980003,71.620003,70.809998,71.050003,52.968956,3958300
2016-06-13,70.779999,71.050003,69.720001,70.580002,52.618561,4320600
2016-06-20,71.370003,71.459999,69,69.120003,51.530094,6692200
2016-06-27,68.760002,71.589996,67.879997,71.489998,53.734455,8412600
2016-07-04,71.230003,72.290001,70.559998,72.220001,54.283161,4916300
2016-07-11,72.370003,73.650002,72.279999,73.389999,55.162582,6398600
2016-07-18,73.43,73.699997,73.169998,73.699997,55.395584,3739100
2016-07-25,73.650002,73.690002,72.690002,73.139999,54.97467,3770600
2016-08-01,73.209999,73.209999,72.239998,73.080002,54.929558,3790500
2016-08-08,73.209999,73.279999,72.720001,73.120003,54.959625,3264400
2016-08-15,73.290001,73.440002,72.559998,73.080002,54.929558,2731200
2016-08-22,73.029999,73.459999,72.449997,72.709999,54.65147,3448300
2016-08-29,72.809998,73.379997,72.470001,73.25,55.05735,3429500
2016-09-05,73.349998,73.57,71.650002,71.650002,53.854717,3958900
2016-09-12,71.43,72.769997,70.650002,71.25,53.554085,5388900
2016-09-19,71.5,72.57,71.199997,72.099998,54.555721,4147100
2016-09-26,71.910004,72.379997,71.339996,72.139999,54.585987,3324600
2016-10-03,72.019997,72.050003,71.199997,71.720001,54.268181,4266700
2016-10-10,71.989998,72.18,70.459999,71.029999,53.74609,3623200
2016-10-17,70.970001,71.349998,70.690002,70.940002,53.677994,2622600
2016-10-24,71.230003,71.639999,70.849998,71.080002,53.783939,3501900
2016-10-31,71.199997,71.419998,69.959999,69.970001,52.944016,3716900
2016-11-07,70.879997,73.239998,70.720001,72.849998,55.123219,6924100
2016-11-14,73.059998,73.610001,72.760002,73.440002,55.56966,5551000
2016-11-21,73.599998,74.540001,73.589996,74.529999,56.394424,3800500
2016-11-28,74.470001,74.650002,73.959999,74.129997,56.091743,5787800
2016-12-05,74.440002,76.43,74.32,76.43,57.832092,7210300
2016-12-12,76.470001,77.169998,76.059998,76.660004,58.006149,7630400
2016-12-19,76.75,77.239998,76.169998,76.389999,57.801819,5352800
2016-12-26,76.470001,76.599998,75.519997,75.769997,57.833733,5073800
2017-01-02,76.230003,76.580002,75.800003,76.239998,58.192459,7248800
2017-01-09,76.120003,76.139999,75.190002,75.760002,57.826099,6695200
2017-01-16,75.589996,75.879997,75.199997,75.699997,57.780308,5440200
2017-01-23,75.639999,76.5,75.199997,76.309998,58.245892,5866600
2017-01-30,76.089996,76.169998,75.199997,76.129997,58.108532,6553700
2017-02-06,76.010002,76.690002,75.739998,76.599998,58.467255,3569200
2017-02-13,76.769997,77.800003,76.709999,77.779999,59.367924,4141100
2017-02-20,77.940002,78.599998,77.900002,78.57,59.970924,3509900
2017-02-27,78.550003,79.620003,78.300003,79.010002,60.306759,4780000
2017-03-06,78.68,78.959999,78.059998,78.739998,60.100677,5122600
2017-03-13,78.760002,79.269997,78.190002,78.93,60.245697,5014400
2017-03-20,78.93,79.010002,77,77.279999,58.98629,5137800
2017-03-27,76.75,77.959999,76.629997,77.650002,59.697639,4566400
2017-04-03,77.709999,78.25,77.050003,77.389999,59.497746,3996900
2017-04-10,77.510002,77.709999,76.540001,76.550003,58.851952,3708600
2017-04-17,76.669998,77.190002,76.529999,76.809998,59.05183,3198500
2017-04-24,77.559998,78.309998,77.389999,77.589996,59.651497,3197500
2017-05-01,77.760002,77.790001,77.169998,77.790001,59.805252,3223400
2017-05-08,77.790001,77.82,76.970001,77.080002,59.259426,5904200
2017-05-15,77.230003,77.660004,76.07,76.949997,59.159454,4218500
2017-05-22,77.139999,77.980003,77.080002,77.860001,59.85907,3304900
2017-05-29,77.690002,78.720001,77.650002,78.629997,60.451057,2628000
2017-06-05,78.620003,78.949997,78.209999,78.93,60.681698,2861800
2017-06-12,78.959999,79.529999,78.919998,79.529999,61.14299,3027800
2017-06-19,79.699997,79.870003,78.32,78.57,60.40493,2745800
2017-06-26,78.790001,78.949997,77.660004,78.160004,60.546436,5492300
2017-07-03,78.400002,78.849998,77.739998,78.120003,60.51545,2136100
2017-07-10,78.099998,79.019997,77.580002,78.839996,61.073212,4346500
2017-07-17,78.830002,79.419998,78.550003,79.160004,61.321095,3986000
2017-07-24,79.129997,79.519997,78.830002,79.279999,61.414043,4003100
2017-07-31,79.379997,79.669998,79.18,79.5,61.584465,4067600
2017-08-07,79.529999,79.839996,78.519997,78.589996,60.879532,3744400
2017-08-14,79.010002,79.540001,77.860001,78.019997,60.437996,3418400
2017-08-21,78.050003,79.029999,77.839996,78.779999,61.026714,2955800
2017-08-28,78.900002,79.620003,78.32,79.5,61.584465,2873900
2017-09-04,79.290001,79.349998,78.629997,79.25,61.390804,2729600
2017-09-11,79.610001,80.940002,79.610001,80.910004,62.676739,3131700
2017-09-18,81.010002,81.43,80.489998,80.699997,62.514057,2914900
2017-09-25,80.730003,81.089996,80.510002,81.07,63.268524,3281700
2017-10-02,81.110001,82.120003,81.029999,81.93,63.939686,3540800
2017-10-09,82.040001,82.599998,81.830002,82.360001,64.275261,2822000
2017-10-16,82.440002,83.25,82.269997,83.25,64.969826,2937700
2017-10-23,83.32,83.410004,82.190002,83,64.774719,4200900
2017-10-30,82.949997,82.949997,82.290001,82.82,64.634224,3202600
2017-11-06,82.82,82.910004,82.139999,82.519997,64.400124,3408600
2017-11-13,82.330002,82.839996,81.940002,82.459999,64.35331,3451300
2017-11-20,82.510002,83.110001,82.410004,83.019997,64.790329,3023200
2017-11-27,83.010002,85.43,82.989998,84.989998,66.327766,5172000
2017-12-04,85.57,85.830002,84.650002,85.330002,66.593102,6335000
2017-12-11,85.370003,86.290001,85.279999,86.099998,67.194008,5505900
2017-12-18,86.550003,86.889999,85.519997,85.690002,66.874069,6299900
2017-12-25,85.669998,86.07,85.57,85.629997,67.329636,4085500
2018-01-01,85.879997,87,85.669998,86.970001,68.383278,4949300
2018-01-08,86.970001,88.309998,86.769997,88.199997,69.350365,6016400
2018-01-15,88.559998,89.050003,87.690002,88.879997,69.885056,6018800
2018-01-22,88.849998,90.93,88.809998,90.910004,71.481201,6002600
2018-01-29,90.739998,90.839996,87.150002,87.18,68.548347,6207900
2018-02-05,86.419998,87.050003,80.32,82.919998,65.198799,11307900
2018-02-12,83.540001,86.790001,83,86.080002,67.683456,4120500
2018-02-19,85.650002,86.120003,84.529999,86.120003,67.714928,3656500
2018-02-26,86.5,87.599998,83.150002,84.330002,66.307472,5347200
2018-03-05,83.940002,86.900002,83.919998,86.889999,68.320358,3748800
2018-03-12,87,87.269997,85.349998,85.75,67.423988,3375000
2018-03-19,85.559998,85.599998,80.860001,80.940002,63.641949,4378200
2018-03-26,81.480003,83.010002,80.970001,82.489998,64.860695,3820200
2018-04-02,82.290001,83.519997,79.779999,81.580002,64.630669,5329700
2018-04-09,82.089996,83.849998,81.809998,83.18,65.898254,3247900
2018-04-16,83.68,84.639999,82.82,83.129997,65.858635,3738800
2018-04-23,83.309998,83.790001,81.910004,83.410004,66.080498,5290700
2018-04-30,83.669998,83.839996,80.57,82.510002,65.367447,4051900
2018-05-07,82.790001,84.43,81.989998,84.279999,66.769699,4538400
2018-05-14,84.57,84.800003,83.730003,84.099998,66.627113,3440700
2018-05-21,84.550003,85.110001,83.910004,84.230003,66.73008,3152100
2018-05-28,83.690002,84.75,82.910004,84.629997,67.046974,3128700
2018-06-04,84.949997,85.989998,84.68,85.980003,68.116516,3130000
2018-06-11,86.059998,86.209999,84.730003,85.339996,67.609474,2928800
2018-06-18,84.839996,84.980003,83.779999,83.860001,66.436974,3116900
2018-06-25,83.57,83.800003,82.389999,83.050003,66.292038,4353700
2018-07-02,82.57,84.339996,82.379997,84.199997,67.209976,2309300
2018-07-09,84.440002,85.300003,84.339996,84.760002,67.656975,2930700
2018-07-16,84.769997,85.150002,84.480003,84.629997,67.553215,2450600
2018-07-23,84.57,86.290001,84.370003,85.879997,68.550957,2903700
2018-07-30,85.919998,86.639999,85.379997,86.639999,69.157639,3225400
2018-08-06,86.529999,87.099998,85.849998,86.080002,68.710632,3660700
2018-08-13,86.18,87.489998,85.260002,87.330002,69.708389,4420800
2018-08-20,87.400002,87.900002,86.959999,87.440002,69.796211,2925200
2018-08-27,87.720001,88.120003,87.080002,87.410004,69.772263,2700600
2018-09-03,87.360001,87.910004,86.959999,87.370003,69.740311,2535000
2018-09-10,87.68,88.080002,87.169998,88.040001,70.275139,2593200
2018-09-17,88.290001,89.470001,87.93,89.339996,71.31282,2921000
2018-09-24,89.230003,89.239998,86.830002,87.089996,69.516823,2820300
2018-10-01,87.559998,88.389999,87.209999,87.550003,70.421043,3090500
2018-10-08,87.370003,88.089996,82.889999,83.809998,67.41275,6423800
2018-10-15,83.720001,85.470001,83.669998,84.540001,67.999939,4281100
2018-10-22,84.68,84.93,80.800003,81.400002,65.474289,6681800
2018-10-29,82.269997,84.610001,80.760002,83.629997,67.267975,8995400
2018-11-05,83.769997,86.43,83.769997,85.75,68.97319,4752500
2018-11-12,85.610001,85.699997,83.360001,85.290001,68.60321,5653200
2018-11-19,85.18,85.489998,82.720001,82.849998,66.640564,4673700
2018-11-26,83.419998,86.309998,83.349998,86.220001,69.35125,6850500
2018-12-03,87.18,87.209999,82.059998,82.650002,66.479721,9383700
2018-12-10,82.629997,83.650002,80.919998,81.459999,65.522537,11840100
2018-12-17,81.150002,81.57,76.5,76.650002,61.653603,21994500
2018-12-24,75.470001,78.349998,73.18,77.32,62.192509,18650600
2018-12-31,77.720001,79,76.580002,78.93,64.10556,9878900
2019-01-07,78.970001,80.459999,78.470001,80.419998,65.31572,8852400
2019-01-14,79.870003,82.260002,79.730003,82.150002,66.720818,10444000
2019-01-21,81.730003,82.010002,80.739998,81.589996,66.265999,8840500
2019-01-28,81.050003,83.239998,80.57,83.019997,67.427422,10706000
2019-02-04,83.019997,83.650002,82.230003,83,67.411171,4321200
2019-02-11,83.169998,85.120003,82.830002,85.120003,69.132965,3918500
2019-02-18,84.93,85.879997,84.75,85.830002,69.709633,3470300
2019-02-25,86.220001,86.5,85.540001,86.209999,70.018272,4404400
2019-03-04,86.480003,86.599998,83.959999,84.540001,68.661919,4518100
2019-03-11,84.620003,86.57,84.550003,86.43,70.196945,3868500
2019-03-18,86.5,87.150002,85.209999,85.330002,69.303535,6194200
2019-03-25,84.559998,85.690002,84.139999,85.660004,69.571556,7538400
2019-04-01,86.110001,87.089996,85.800003,87.089996,71.277611,4140300
2019-04-08,87.019997,87.580002,86.480003,87.489998,71.604988,3593900
2019-04-15,87.550003,88.25,87.25,87.669998,71.752304,3355700
2019-04-22,87.470001,88.080002,86.900002,87.519997,71.629547,4233100
2019-04-29,87.540001,88.220001,86.760002,87.839996,71.891426,3900200
2019-05-06,86.739998,87.639999,84.720001,86.349998,70.671982,5158900
2019-05-13,85.07,86.690002,84.400002,85.940002,70.336418,4255400
2019-05-20,85.57,86.379997,84.68,85.339996,69.845345,3204200
2019-05-27,85.389999,85.449997,82.449997,82.529999,67.545555,6946300
2019-06-03,82.720001,86.82,82.68,86.370003,70.688339,4619200
2019-06-10,86.809998,87.18,86.480003,86.82,71.056648,4549600
2019-06-17,86.230003,87.910004,85.940002,87.620003,71.71138,5419000
2019-06-24,87.599998,87.75,86.5,87.379997,72.033516,3916000
2019-07-01,88,88.760002,87.510002,88.580002,73.022766,3107000
2019-07-08,88.309998,88.720001,87.830002,88.720001,73.138184,3116300
2019-07-15,88.82,88.82,87.830002,88.089996,72.61882,3211900
2019-07-22,88.150002,89.269997,87.75,89.220001,73.550362,2828100
2019-07-29,89.190002,89.349998,86.25,86.639999,71.42347,4967600
2019-08-05,85.709999,86.610001,83.580002,86.139999,71.011284,6907000
2019-08-12,85.75,86.800003,83.32,85.239998,70.269363,5023500
2019-08-19,86.099998,86.529999,83.620003,84.07,69.304855,4309600
2019-08-26,84.68,86.589996,84.25,86.160004,71.027779,3833900
2019-09-02,85.68,88.18,85.209999,87.919998,72.478668,3244800
2019-09-09,88.300003,90.110001,88.089996,89.720001,73.962555,5671700
2019-09-16,89.540001,89.900002,88.870003,89.370003,73.674019,4683100
2019-09-23,89.139999,89.690002,87.919998,88.459999,72.923828,5384000
2019-09-30,88.540001,89.080002,85.07,87.639999,72.888115,5276800
2019-10-07,87.470001,88.580002,85.800003,87.889999,73.096016,4412200
2019-10-14,87.760002,88.68,87.599998,88.370003,73.495224,3975100
2019-10-21,88.779999,89.529999,88.709999,89.389999,74.343536,4500400
2019-10-28,89.68,90.400002,89.050003,90.400002,75.183533,4307800
2019-11-04,90.849998,91.68,90.650002,91.529999,76.123314,6002500
2019-11-11,91.120003,91.5,90.589996,91.5,76.098373,6064500
2019-11-18,91.370003,91.650002,90.480003,91.25,75.890427,10842700
2019-11-25,91.529999,92.120003,91.43,91.760002,76.314621,6052800
2019-12-02,91.849998,92.459999,90.050003,92.239998,76.713806,7421900
2019-12-09,92.150002,93.480003,91.769997,92.970001,77.320946,8032400
2019-12-16,93.5,94.620003,93.410004,94.470001,78.568451,7498000
2019-12-23,93.870003,94.07,93.489998,93.870003,78.069466,5628300
2019-12-30,93.93,94.139999,92.970001,93.230003,78.181847,6215300
2020-01-06,92.800003,93.760002,92.790001,93.230003,78.181847,7228800
2020-01-13,93.400002,94.830002,93.199997,94.779999,79.481689,7109700
2020-01-20,94.519997,94.800003,93.199997,93.599998,78.492142,4231000
2020-01-27,92.470001,93.379997,91.040001,91.360001,76.613686,7246200
2020-02-03,91.760002,94.550003,91.550003,93.690002,78.567612,5307700
2020-02-10,93.519997,94.860001,93.43,94.260002,79.045609,4284600
2020-02-17,94.07,94.160004,93.129997,93.440002,78.357971,3802000
2020-02-24,91.400002,91.870003,80.18,82.5,69.183769,20549400
2020-03-02,83.019997,87.620003,81.800003,83.629997,70.131378,16220800
2020-03-09,77.900002,79.860001,68.089996,74.370003,62.366055,27384600
2020-03-16,66.559998,71.610001,63.34,63.639999,53.754848,21775500
2020-03-23,63.380001,72.110001,60.07,69.75,58.915798,22673400
2020-03-30,70.199997,72.339996,67.160004,69.029999,58.307621,16340500
2020-04-06,71.349998,78.260002,71.169998,77.089996,65.115677,12603000
2020-04-13,77,78.110001,74.379997,77.879997,65.782951,14174200
2020-04-20,76.5,77.730003,74.139999,76.589996,64.693321,9620000
2020-04-27,77.110001,80.300003,75.589996,75.919998,64.127411,15807100
2020-05-04,75.5,77.389999,74.849998,77.309998,65.301506,8617700
2020-05-11,76.720001,77.410004,72.529999,74.940002,63.299629,9096000
2020-05-18,77.110001,78.120003,76.400002,76.949997,64.997437,8402300
2020-05-25,78.809998,80.980003,78.470001,80.220001,67.759499,8394900
2020-06-01,79.980003,86.230003,79.730003,85.32,72.067322,10106100
2020-06-08,85.830002,86.800003,78.25,79.75,67.362495,10632100
2020-06-15,78,82.800003,77.559998,80.5,67.995995,7714300
2020-06-22,79.699997,80.559998,76.290001,76.629997,64.727135,11733900
2020-06-29,77.199997,80.059998,76.860001,78.940002,67.378914,6988700
2020-07-06,80,80.25,77.010002,79.129997,67.541077,7358600
2020-07-13,79.68,81.940002,78.779999,81.559998,69.615181,8505800
2020-07-20,81.440002,82.870003,80.82,81.529999,69.589577,8742200
2020-07-27,81.5,82.330002,80.129997,81.199997,69.307892,6417300
2020-08-03,81.489998,83.050003,81.010002,83.050003,70.886963,7476000
2020-08-10,83.18,85.089996,83.110001,83.980003,71.680763,8079300
2020-08-17,84.050003,84.050003,82.239998,82.639999,70.53701,6953800
2020-08-24,83.050003,84.459999,82.75,84.43,72.064873,6490500
2020-08-31,84.300003,86,82.699997,83.68,71.424698,10294800
2020-09-07,83.309998,83.599998,81.449997,82.199997,70.161438,9639100
2020-09-14,82.75,84.32,82.110001,82.519997,70.434586,8369200
2020-09-21,80.720001,80.800003,78.019997,79.720001,68.04464,10253300
2020-09-28,80.57,81.620003,79.809998,81,69.732956,6566400
2020-10-05,81.550003,84.639999,81.510002,84.089996,72.393112,6874900
2020-10-12,84.239998,85,82.75,84.050003,72.358704,5987200
2020-10-19,84.129997,84.360001,82.629997,83.860001,72.195122,6512300
2020-10-26,83.010002,83.059998,77.970001,79.540001,68.476028,13042300
2020-11-02,80.639999,84.129997,79.93,83.300003,71.713028,10197000
2020-11-09,87.470001,88.620003,85.699997,87.839996,75.621506,10315400
2020-11-16,89.339996,89.550003,87.279999,87.849998,75.630127,6746800
2020-11-23,88.440002,91.059998,88.269997,90.339996,77.77375,5070800
2020-11-30,90.040001,92.07,89.120003,92.07,79.26313,7904900
2020-12-07,91.720001,92.550003,90.839996,91.5,78.772415,6672800
2020-12-14,92.300003,92.32,90.550003,91.559998,78.824066,8266300
2020-12-21,89.849998,90.519997,88.970001,90.379997,77.808197,7616700
2020-12-28,90.93,91.620003,90.169998,91.510002,79.484192,5014600
2021-01-04,91.790001,94.529999,89.580002,94.029999,81.673019,11955600
2021-01-11,93.480003,96.089996,93.459999,94.639999,82.202873,10276000
2021-01-18,95.279999,95.300003,93.459999,94.059998,81.699081,7624100
2021-01-25,93.68,94.629997,90.620003,90.989998,79.032532,9919800
2021-02-01,91.669998,94.900002,91.010002,94.529999,82.107307,7220700
2021-02-08,94.830002,95.800003,94.559998,95.75,83.166985,6129100
2021-02-15,96.199997,96.580002,95.489998,96.330002,83.670761,10179100
2021-02-22,96.019997,98.459999,94.889999,95.150002,82.645828,12297900
2021-03-01,96.400002,98.360001,94.82,98.120003,85.225517,10961400
2021-03-08,98.57,101.120003,98.25,101.099998,87.813904,11106200
2021-03-15,101.18,102.040001,99.519997,100.32,87.136406,9294100
2021-03-22,99.550003,101.889999,98.099998,101.830002,88.447975,9271100
2021-03-29,101.220001,101.989998,100.660004,101.599998,88.829071,7411700
2021-04-05,102.309998,102.690002,101.620003,102.510002,89.624664,7824300
2021-04-12,102.529999,103.779999,101.629997,103.580002,90.560188,6511300
2021-04-19,103.519997,103.610001,102.190002,103.220001,90.245438,12492600
2021-04-26,103.410004,104.379997,102.800003,103.669998,90.638863,11269900
2021-05-03,104.309998,107.559998,104.139999,107.43,93.926247,6850200
2021-05-10,108.080002,108.709999,104.529999,107.419998,93.917496,9469600
2021-05-17,107.339996,107.75,104.389999,106.669998,93.261772,7573900
2021-05-24,107.120003,107.379997,105.870003,106.809998,93.384171,5500400
2021-05-31,107.660004,108,106.720001,107.949997,94.380867,4549100
2021-06-07,108.040001,108.040001,106.910004,107.330002,93.838799,6023200
2021-06-14,107.239998,107.32,102.610001,102.669998,89.764557,8530400
2021-06-21,102.540001,105.129997,102.540001,104.959999,91.766716,7151500
2021-06-28,104.980003,105.739998,104.099998,105.599998,93.0075,7512400
2021-07-05,105.459999,105.459999,103.150002,105.25,92.699234,7547000
2021-07-12,104.959999,105.68,103.940002,104.089996,91.677559,5089000
2021-07-19,102.779999,104.889999,101.480003,104.82,92.320503,7820300
2021-07-26,104.690002,106.080002,104.260002,105.349998,92.787315,4985900
2021-08-02,105.75,106.68,104.709999,106.480003,93.782555,4850100
2021-08-09,106.379997,108.309998,106.040001,108.199997,95.29747,4188900
2021-08-16,107.830002,108.389999,105.510002,106.779999,94.046791,4511500
2021-08-23,107.25,108.089996,107.029999,107.940002,95.068451,3535100
2021-08-30,108.110001,108.190002,106.870003,107.580002,94.751381,3708000
2021-09-06,107.470001,107.480003,105.400002,105.449997,92.875381,3291000
2021-09-13,106.169998,106.639999,104.720001,104.860001,92.355736,5555500
2021-09-20,102.620003,105.199997,101.370003,104.839996,92.338127,8974800
2021-09-27,105.120003,105.959999,103.029999,104.610001,92.798416,5470600
2021-10-04,104.470001,106.629997,103.699997,105.959999,93.995956,4893900
2021-10-11,106.120003,107.669998,103.790001,107.220001,95.113708,4356800
2021-10-18,106.82,108.839996,106.480003,108.669998,96.399986,4453000
2021-10-25,108.879997,109.290001,107.519997,108.440002,96.195953,4092500
2021-11-01,108.870003,110.739998,108.57,110.339996,97.881416,4458700
2021-11-08,110.650002,110.910004,109.790001,110.519997,98.041084,4620900
2021-11-15,110.800003,111.139999,108.769997,108.860001,96.568527,4791000
2021-11-22,109.239998,110.790001,107.57,108.220001,96.000786,5859000
2021-11-29,109.059998,109.150002,105.339996,107.379997,95.25563,10298800
2021-12-06,108.370003,110.110001,108.220001,110.080002,97.65078,6691000
2021-12-13,109.959999,112.419998,109.089996,109.93,97.517708,10017500
2021-12-20,108.029999,110.870003,107.089996,110.459999,97.987885,8055400
2021-12-27,110.669998,112.720001,110.480003,112.110001,100.308388,6155700
2022-01-03,112.239998,115.209999,111.849998,114.550003,102.491524,11448300
2022-01-10,114.669998,115.660004,113.519997,114.650002,102.581009,12872400
2022-01-17,114.029999,114.029999,109.589996,109.849998,98.286285,14514000
2022-01-24,108.660004,111.620003,106.75,110.730003,99.073662,22207000
2022-01-31,110.080002,113.599998,109.860001,112.18,100.371002,10765000
2022-02-07,112.32,113.980003,111.029999,111.389999,99.664185,9613900
2022-02-14,111.209999,112.18,109.57,110.220001,98.61734,10739200
2022-02-21,110.07,110.669998,104.949997,110.470001,98.841011,11882900
2022-02-28,108.830002,111.389999,107.480003,110.660004,99.011024,9453800
2022-03-07,110.160004,110.379997,107.82,108.379997,96.971039,9525100
2022-03-14,108.959999,112.269997,108.099998,112.190002,100.379967,9202700
2022-03-21,111.93,113.639999,111.279999,113.639999,101.677315,8906700
2022-03-28,113.25,114.389999,111.669998,112.730003,101.4618,7810600
2022-04-04,112.57,113.809998,111.330002,113.400002,102.064842,7792800
2022-04-11,113.279999,113.639999,111.900002,112.360001,101.128799,5851400
2022-04-18,112.260002,115.529999,110.559998,110.68,99.616714,9860600
2022-04-25,110.059998,111.139999,107.379997,107.529999,96.781578,12825400
2022-05-02,107.790001,112.010002,105.970001,109.519997,98.57267,12492600
2022-05-09,108.610001,108.739998,105.059998,108.07,97.267616,17025700
2022-05-16,107.949997,110.260002,103.739998,105.809998,95.233521,11149400
2022-05-23,106.839996,112.169998,106.239998,112.139999,100.930786,9916700
2022-05-30,111.410004,112.129997,109.349998,110.730003,99.661728,8238300
2022-06-06,111.410004,112.139999,106.080002,106.230003,95.611526,8057300
2022-06-13,104.120003,104.5,98.629997,99.199997,89.28421,14443500
2022-06-20,99.889999,103.309998,99.389999,103.309998,92.983398,20474500
2022-06-27,103.550003,104.879997,100.620003,102.730003,93.258591,17257400
2022-07-04,101.5,103.010002,99.669998,102.510002,93.058884,6510600
2022-07-11,101.889999,102.589996,98.779999,101.949997,92.550491,7838500
2022-07-18,102.730003,104.059998,101.019997,103.290001,93.76696,8329100
2022-07-25,103.580002,106.559998,103.279999,106.379997,96.572075,7816500
2022-08-01,105.660004,106.519997,104.639999,105.599998,95.863976,7467400
2022-08-08,105.889999,109.480003,105.510002,109.449997,99.359024,6246200
2022-08-15,108.75,110.650002,108.419998,109.5,99.404419,6377700
2022-08-22,108.5,109.32,106.220001,106.239998,96.444977,6512700
2022-08-29,105.639999,106.559998,102.730003,103.449997,93.912216,6848400
2022-09-05,103.800003,106.739998,102.639999,106.5,96.681015,6397400
2022-09-12,107.099998,107.809998,102.139999,102.949997,93.458313,9429900
2022-09-19,101.379997,102.849998,96.559998,97.760002,88.746803,11347500
2022-09-26,97.379997,98.300003,94.800003,94.879997,86.778862,12824800
2022-10-03,96.230003,100.669998,95.860001,96.959999,88.681267,9100700
2022-10-10,97.32,100.139999,94.589996,97.449997,89.129433,8414800
2022-10-17,98.650002,101.599998,98.650002,101.389999,92.733002,8437000
2022-10-24,102.160004,106.900002,101.75,106.809998,97.690239,9546300
2022-10-31,106.260002,108.059998,103.860001,106.629997,97.525612,9540000
2022-11-07,106.940002,110.5,106.150002,110.279999,100.86396,9716200
2022-11-14,110.050003,111.150002,108.389999,110.389999,100.964577,9126300
2022-11-21,110.169998,112.660004,109.889999,112.489998,102.885254,5103200
2022-11-28,111.620003,113.779999,110.199997,113,103.351723,15436200
2022-12-05,112.349998,112.449997,109.269997,109.5,100.150558,14064100
2022-12-12,109.779999,113.290001,107.190002,107.989998,98.769493,10225700
2022-12-19,107.080002,108.580002,105.889999,108.290001,99.043877,12489400
2022-12-26,108.459999,108.970001,107.339996,108.209999,99.872414,8242100
2023-01-02,108.519997,111.050003,107.199997,110.769997,102.235153,13259200
2023-01-09,111.139999,111.629997,109.279999,111.440002,102.853554,9420900
2023-01-16,111.389999,111.599998,107.389999,108.879997,100.490791,7041200
2023-01-23,109.120003,110.800003,108.599998,110.260002,101.764458,7150100
2023-01-30,109.809998,111.75,109.25,110.190002,101.699867,8542200
2023-02-06,109.68,110.959999,108.639999,110.059998,101.579857,6037300
2023-02-13,110.050003,111.300003,108.919998,109.769997,101.31221,6195800
2023-02-20,108.940002,109.150002,106.57,107.540001,99.254044,4659400
2023-02-27,108.209999,108.629997,106.220001,108.510002,100.149315,5926900
2023-03-06,108.559998,108.839996,102.779999,103.32,95.359192,7837600
2023-03-13,101.879997,104.110001,100.959999,101.519997,93.697876,12524200
2023-03-20,101.400002,103.599998,99.879997,101.699997,93.864014,9221900
2023-03-27,102.599998,105.540001,102.169998,105.5,98.063812,6033800
2023-04-03,105.800003,106.57,104.830002,105.919998,98.454208,4637900
2023-04-10,105.669998,107.739998,105.480003,107.07,99.523163,9377200
2023-04-17,107.019997,107.82,106.589996,106.980003,99.439499,9818600
2023-04-24,106.989998,107.389999,104.449997,106.839996,99.309349,8671300
2023-05-01,106.839996,107.449997,102.389999,104.540001,97.171486,10671500
2023-05-08,104.919998,104.93,102.690002,103.300003,96.018875,10536800
2023-05-15,103.480003,104.410004,102.080002,103.68,96.372108,6570900
2023-05-22,103.739998,104.18,100.959999,102.379997,95.163719,7137500
2023-05-29,102.25,104.209999,100.849998,104.050003,96.716034,9555100
2023-06-05,104.150002,105.580002,103.339996,105.129997,97.719894,7032300
2023-06-12,105.139999,107.720001,104.910004,107.099998,99.551041,6835100
2023-06-19,105.809998,105.900002,103.370003,103.540001,96.241966,6035600
2023-06-26,103.550003,106.349998,103.379997,106.07,99.407646,8219600
2023-07-03,106,106.75,104.43,104.889999,98.301765,5042500
2023-07-10,105,107.559998,104.93,106.629997,99.932465,6652500
2023-07-17,106.400002,109.839996,106.089996,109.57,102.687813,7632400
2023-07-24,109.75,110.800003,109.480003,110.169998,103.25013,5140200
2023-07-31,110.360001,110.690002,108.379997,108.510002,101.694397,4557900
2023-08-07,108.830002,109.82,107.82,109.089996,102.237953,6337700
2023-08-14,108.889999,109.029999,106.150002,106.870003,100.157402,5764800
2023-08-21,106.879997,107.269997,105.599998,106.370003,99.688812,7562200
2023-08-28,106.739998,108.489998,106.599998,108.029999,101.244537,11232200
2023-09-04,107.970001,108.160004,105.989998,106.93,100.213638,3238400
2023-09-11,107.300003,108.779999,106.949997,107.769997,101.000862,4609500
2023-09-18,107.139999,107.5,104.589996,104.660004,98.086212,5580000
2023-09-25,104.330002,104.959999,102.849998,103.32,97.540863,5327800
2023-10-02,103,103.18,99.480003,101.309998,95.643303,12611300
2023-10-09,101.339996,103.510002,101.290001,102.459999,96.728973,5724800
2023-10-16,103.220001,104.360001,101.169998,101.209999,95.548889,6177700
2023-10-23,100.910004,101.379997,98.400002,98.709999,93.188728,7353300
2023-10-30,99.279999,104.279999,99.080002,103.82,98.012901,6654600
2023-11-06,103.93,104.040001,101.529999,102.650002,96.908356,6589200
2023-11-13,102.419998,105.449997,102.209999,105.269997,99.381798,5860700
2023-11-20,105.059998,106.169998,104.870003,106.010002,100.080414,4527700
2023-11-27,105.82,107.870003,105.370003,107.839996,101.808037,6413300
2023-12-04,107.18,108.18,106.870003,107.599998,101.581482,6109000
2023-12-11,107.919998,112.360001,107.919998,111.300003,105.074516,7125700
2023-12-18,110.760002,111.470001,109.57,110.949997,104.744087,8645300
2023-12-25,111.050003,112.029999,111.019997,111.629997,106.438011,4194300
2024-01-01,111.230003,112.690002,111.209999,111.870003,106.666855,5872300
2024-01-08,111.739998,112.5,110.660004,111.489998,106.304512,6175500
2024-01-15,111.089996,111.769997,109.470001,111.620003,106.428482,5221100
2024-01-22,111.620003,113.220001,111.5,112.989998,107.734749,6098300
2024-01-29,112.980003,113.839996,111.93,113.129997,107.86824,6329300
2024-02-05,112.620003,113.129997,111.910004,112.879997,107.62986,5491100
2024-02-12,112.889999,114.510002,111.309998,113.93,108.631035,5456400
2024-02-19,113.809998,115.970001,113.660004,115.559998,110.185219,4165400
2024-02-26,115.559998,116.25,114.889999,116.160004,110.757309,4426200
2024-03-04,116.050003,117.989998,116.010002,117.330002,111.872894,5243700
2024-03-11,117.190002,118.739998,116.32,116.919998,111.481956,6045600
2024-03-18,117.230003,120.029999,116.75,119.080002,114.17804,6295400
2024-03-25,119.010002,121.290001,118.620003,120.989998,116.009407,4296700
2024-04-01,121.059998,121.129997,118.379997,119.260002,114.350639,5237100
2024-04-08,119.290001,119.910004,115.790001,116.099998,111.320702,4931300
2024-04-15,117.040001,117.480003,114.370003,115.940002,111.167297,6043200
2024-04-22,116.269997,118.080002,115.800003,117.370003,112.538437,3774900
2024-04-29,117.57,118.040001,115.769997,117.129997,112.308311,3927200
2024-05-06,117.699997,120.010002,117.470001,119.870003,114.935524,3730200
2024-05-13,120.169998,121.610001,119.769997,121.510002,116.508003,3707600
2024-05-20,121.510002,121.650002,118.809998,119.379997,114.465683,2857300
2024-05-27,119.419998,120,117.230003,120,115.060173,2674600
2024-06-03,120.080002,120.080002,118.169998,118.919998,114.02462,3342500
2024-06-10,118.870003,119.860001,117.610001,118.419998,113.545212,3511700
2024-06-17,118.389999,120.400002,118.099998,118.879997,113.986275,3267800
2024-06-24,119.099998,120.220001,117.68,118.599998,114.69474,5237400
2024-07-01,119.040001,119.559998,118.089996,118.57,114.665718,2830500
2024-07-08,118.720001,122.18,118.489998,121.480003,117.479912,3822100
2024-07-15,121.800003,125.040001,121.699997,122.43,118.398621,4190200
2024-07-22,122.68,123.900002,121.489998,123.519997,119.452728,4221500
2024-07-29,123.660004,125.07,119.5,120.610001,116.638557,4885200
2024-08-05,118.050003,120.699997,117.330002,120.349998,116.387108,5413400
2024-08-12,120.550003,123.769997,119.57,123.720001,119.646156,2991200
2024-08-19,123.730003,125.849998,123.730003,125.769997,121.628647,3253200
2024-08-26,126.050003,127.5,125.080002,127.360001,123.166283,3665100
2024-09-02,126.150002,126.949997,122.900002,123.080002,119.027222,3552800
2024-09-09,123.660004,126.080002,121.760002,126.019997,121.870407,3468700
2024-09-16,126.370003,128.429993,126.190002,127,122.818146,3825400
2024-09-23,127.32,128.440002,126.629997,127.760002,124.379593,4211200
2024-09-30,127.68,128.770004,127.07,128.679993,125.275238,3701000
2024-10-07,128.529999,130.240005,127.419998,130.110001,126.667412,3085200
2024-10-14,130.199997,131.850006,129.880005,131.429993,127.952477,3245000
2024-10-21,131.399994,131.490005,128.360001,128.429993,125.03186,4024300
2024-10-28,128.649994,129.419998,127.400002,127.529999,124.155685,3747300
2024-11-04,127.589996,132.850006,126.949997,132.5,128.994171,4958000
2024-11-11,132.880005,133.449997,130.350006,130.699997,127.241806,4138400
2024-11-18,130.949997,133.740005,130.039993,133.619995,130.084549,5217100
2024-11-25,134.380005,135.070007,133.720001,134.740005,131.174911,2675100
2024-12-02,134.759995,134.839996,132.330002,132.800003,129.286224,4574900
2024-12-09,133.050003,133.149994,130.600006,131.869995,128.380844,6199400
2024-12-16,132.009995,132.589996,125.389999,127.120003,123.756531,8766600
2024-12-23,126.980003,129.490005,126.400002,128.639999,126.196632,6865200
2024-12-30,127.629997,128.830002,126.510002,128.419998,125.980797,6108300
2025-01-06,128.800003,129.320007,125.870003,126.110001,123.714684,5681400
2025-01-13,125.800003,131.889999,125.75,131.690002,129.188705,6511500
2025-01-20,132.25,133.440002,132,133.059998,130.532684,6545200
2025-01-27,132,133.570007,131.470001,132.360001,129.845963,5828500
2025-02-03,130.720001,134,130.25,132.320007,129.806732,10264900
2025-02-10,132.990005,134.520004,132.259995,133.770004,131.229202,6901200
2025-02-17,133.639999,135.100006,133.169998,133.320007,130.78775,7847300
2025-02-24,133.580002,134.130005,131.869995,134.050003,131.50386,5017700
2025-03-03,134.369995,134.770004,128.740005,131.229996,128.737427,6627100
2025-03-10,130.070007,131.240005,126.019997,128.279999,125.843468,7312300
2025-03-17,128.029999,130.710007,127.489998,128.399994,125.961182,5799600
2025-03-24,129.289993,130.160004,127.239998,127.550003,125.952202,5444200
2025-03-31,126.779999,129.589996,116.720001,117.029999,115.56398,8587000
2025-04-07,114.019997,123.129997,112.050003,121.019997,119.503998,14604900
2025-04-14,122.279999,123.32,119.669998,120.839996,119.326256,10299000
2025-04-21,120.080002,124,117.410004,123.300003,121.75544,6203700
2025-04-28,123.449997,126.190002,121.910004,125.900002,124.322876,5131700
2025-05-05,125.309998,127.029999,124.059998,125.739998,124.164871,5585800
2025-05-12,128.520004,129.970001,127.330002,129.949997,128.322128,4933300
2025-05-19,129.059998,130.460007,126,127.089996,125.497963,4252600
2025-05-26,128.110001,129.369995,127.639999,129.020004,127.403793,3223300
2025-06-02,128.889999,130.919998,127.919998,130.440002,128.806,4193600
2025-06-09,130.550003,131.889999,130.119995,130.539993,128.904739,3773200
2025-06-16,131.220001,131.789993,129.350006,129.619995,127.996269,3661600
2025-06-23,129.789993,133.039993,129.110001,132.520004,131.731552,5862900
2025-06-30,132.770004,135.960007,132.639999,135.809998,135.001968,4105000
2025-07-07,135.589996,135.970001,134.149994,134.899994,134.097382,5728800
2025-07-14,134.740005,135.360001,132.729996,134.690002,133.888641,5401200
2025-07-21,134.990005,136.669998,134.520004,136.600006,135.787277,4721900
2025-07-28,136.589996,136.669998,132.009995,132.899994,132.109283,5127700
2025-08-04,133.360001,135.699997,133.360001,135.339996,134.534775,4058200
2025-08-11,135.619995,137.789993,134.820007,136.990005,136.174957,4505900
2025-08-18,136.869995,139.649994,136.710007,139.160004,138.332047,4747600
2025-08-25,138.990005,139.479996,138.059998,139.179993,138.351913,6157300
2025-09-01,138.330002,140.990005,137.529999,139.550003,138.719727,6609700
2025-09-08,139.759995,142.169998,138.960007,141.380005,140.538834,6322000
2025-09-15,141.460007,142.080002,139.919998,140.460007,139.624313,5501000
2025-09-22,139.960007,141.300003,139.429993,140.779999,140.779999,6150300
2025-09-29,141.220001,142.220001,139.880005,141.550003,141.550003,5689100
2025-10-06,141.720001,141.929993,137.419998,137.470001,137.470001,7239500
2025-10-13,139.089996,142.070007,138.270004,140.110001,140.110001,10540800
2025-10-20,140.770004,142.149994,139.970001,141.619995,141.619995,7783400
2025-10-27,142.149994,142.490005,140.679993,141.410004,141.410004,5854300
