Date,Adj Close,Open,High,Low,,
2010-09-05,75.08,74.06,75.15,73.98,,
2010-09-12,75.95,75.08,76.35,75.08,,
2010-09-19,77.33,75.95,77.39,75.78,,
2010-09-26,77.16,77.33,77.89,76.35,,
2010-10-03,78.38,77.16,78.56,76.29,,
2010-10-10,78.77,78.38,79.4,77.85,,
2010-10-17,79.2,78.77,79.75,77.84,,
2010-10-24,79.18,79.2,79.95,78.28,,
2010-10-31,81.35,79.18,81.38,78.74,,
2010-11-07,79.77,81.35,81.35,79.47,,
2010-11-14,79.81,79.77,80.37,78.28,,
2010-11-21,78.99,79.81,79.81,78.36,,
2010-11-28,81.2,78.99,81.24,77.96,,
2010-12-05,82.24,81.2,82.27,80.94,,
2010-12-12,82.83,82.24,82.91,82.18,,
2010-12-19,83.32,82.83,83.39,82.63,,
2010-12-26,83.21,83.32,83.55,82.95,,
2011-01-02,83.56,83.21,84.02,83.08,,
2011-01-09,84.24,83.56,84.24,82.89,,
2011-01-16,84.38,83.92,84.55,83.62,,
2011-01-23,83.96,84.38,85.38,83.87,,
2011-01-30,85.68,83.96,85.68,83.92,,
2011-02-06,86.4,85.68,86.49,85.6,,
2011-02-13,87.43,86.4,87.43,85.97,,
2011-02-20,86.29,87.12,87.43,85.29,,
2011-02-27,86.64,86.29,87.31,85.6,,
2011-03-06,85.77,86.64,87.09,85.16,,
2011-03-13,84.22,85.77,85.77,82.36,,
2011-03-20,86.44,84.22,86.75,84.22,,
2011-03-27,87.77,86.44,87.96,86.04,,
2011-04-03,87.96,87.77,88.43,87.61,,
2011-04-10,87.93,87.96,88.36,86.46,,
2011-04-17,88.7,87.93,88.79,86.48,,
2011-04-24,90.75,88.7,90.75,88.3,,
2011-05-01,89.38,90.75,91.07,88.66,,
2011-05-08,89.64,89.38,90.47,89.12,,
2011-05-15,89.55,89.64,90.26,88.69,,
2011-05-22,89.01,89.55,89.55,88.09,,
2011-05-29,87.02,88.82,89.92,86.9,,
2011-06-05,85.65,87.02,87.18,85.62,,
2011-06-12,86.24,85.65,87.17,85.3,,
2011-06-19,85.65,86.24,87.69,85.38,,
2011-06-26,89.66,85.65,89.74,85.65,,
2011-07-03,89.9,88.63,90.57,88.47,,
2011-07-10,88.45,89.9,89.9,87.98,,
2011-07-17,89.52,88.45,89.9,87.24,,
2011-07-24,86,89.52,89.52,85.59,,
2011-07-31,81.28,86,86.85,79.29,,
2011-08-07,80.04,81.28,81.28,75.2,,
2011-08-14,78.06,80.04,82.27,77.97,,
2011-08-21,80.86,78.06,81.8,78.06,,
2011-08-28,80.89,80.86,83.94,80.74,,
2011-09-04,79.54,82.54,82.57,78.86,,
2011-09-11,83.19,79.54,83.42,78.37,,
2011-09-18,78.62,83.19,83.58,77.34,,
2011-09-25,79.45,78.62,82.27,78.44,,
2011-10-02,80.75,79.45,81.58,76.11,,
2011-10-09,84.29,80.75,84.29,80.75,,
2011-10-16,85.74,84.29,85.76,82.6,,
2011-10-23,87.56,85.74,88.25,84.52,,
2011-10-30,85.79,86.93,86.94,83.69,,
2011-11-06,86.99,85.79,87.36,84.37,,
2011-11-13,84.44,86.99,86.99,83.81,,
2011-11-20,80.94,84.44,84.44,80.94,,
2011-11-27,86.06,80.94,86.92,80.94,,
2011-12-04,87.05,86.06,87.63,85.59,,
2011-12-11,86,87.05,87.05,85.06,,
2011-12-18,89.37,86,89.38,84.99,,
2011-12-25,88.99,88.54,89.6,88.41,,
2012-01-01,89.46,89.41,90.37,88.92,,
2012-01-08,89.99,89.46,90.56,89.22,,
2012-01-15,91.5,90.31,91.5,89.24,,
2012-01-22,90.84,91.5,92.13,90.47,,
2012-01-29,92.1,90.84,92.17,89.88,,
2012-02-05,91.7,92.1,92.43,91.36,,
2012-02-12,92.87,91.7,92.97,91.36,,
2012-02-19,92.92,92.52,93.14,92.2,,
2012-02-26,93.07,92.92,93.51,92.29,,
2012-03-04,93.14,93.07,93.39,91.7,,
2012-03-11,94.88,93.14,95.15,93.13,,
2012-03-18,94.35,94.88,95.29,93.81,,
2012-03-25,95.26,94.35,95.76,93.9,,
2012-04-01,94.3,95.26,96.02,94.02,,
2012-04-08,92.48,94.3,94.3,91.79,,
2012-04-15,94.05,92.48,94.43,92.48,,
2012-04-22,95.25,94.05,95.43,92.87,,
2012-04-29,93.61,95.25,96.06,93.54,,
2012-05-06,92.73,93.61,93.8,91.98,,
2012-05-13,89.86,92.73,92.73,89.63,,
2012-05-20,90.76,89.86,91.24,89.32,,
2012-05-27,88.48,90.95,91.57,88.43,,
2012-06-03,91.46,88.48,91.46,87.87,,
2012-06-10,93.05,91.46,93.09,90.57,,
2012-06-17,92.48,93.05,94.12,91.85,,
2012-06-24,94.56,92.48,94.56,90.96,,
2012-07-01,94.06,94.56,95.2,93.66,,
2012-07-08,94.64,94.06,94.67,92.75,,
2012-07-15,95.05,94.64,95.89,93.92,,
2012-07-22,96.65,95.05,96.89,92.76,,
2012-07-29,96.9,96.65,97.12,94.7,,
2012-08-05,97.55,96.9,97.55,96.8,,
2012-08-12,97.69,97.55,97.83,96.91,,
2012-08-19,96.92,97.69,98.04,96.11,,
2012-08-26,96.66,96.92,97.2,96.09,,
2012-09-02,98.27,96.27,98.39,96.03,,
2012-09-09,99.55,98.27,100.04,97.88,,
2012-09-16,99.72,99.55,100.16,99.01,,
2012-09-23,98.96,99.72,100.25,98.57,,
2012-09-30,100.53,98.96,100.94,98.96,,
2012-10-07,98.37,100.53,100.53,98.2,,
2012-10-14,99.11,98.37,100.75,98.37,,
2012-10-21,97.72,99.11,99.11,97.11,,
2012-10-28,97.67,97.72,98.96,97.37,,
2012-11-04,95.36,97.67,98.84,94.97,,
2012-11-11,93.61,95.36,95.68,92.61,,
2012-11-18,96.61,93.61,96.61,93.61,,
2012-11-25,97.08,96.61,97.25,95.03,,
2012-12-02,97.48,97.08,97.48,96.05,,
2012-12-09,97.25,97.48,98.75,97.16,,
2012-12-16,97.6,97.25,98.89,97.13,,
2012-12-23,95.62,97.6,97.6,95.57,,
2012-12-30,99.6,95.62,99.67,95.28,,
2013-01-06,99.88,99.6,99.96,98.56,,
2013-01-13,101.18,99.88,101.18,99.65,,
2013-01-20,102.41,100.75,102.41,100.55,,
2013-01-27,103.22,102.41,103.26,101.98,,
2013-02-03,103.38,103.22,103.47,102.17,,
2013-02-10,103.65,103.38,103.87,103.08,,
2013-02-17,104.07,103.59,104.57,103.01,,
2013-02-24,104.38,104.07,104.79,102.41,,
2013-03-03,106.19,104.38,106.3,104.05,,
2013-03-10,106.59,106.19,106.99,105.95,,
2013-03-17,106.82,106.59,106.93,105.52,,
2013-03-24,107.66,106.82,107.75,106.15,,
2013-03-31,107.21,107.66,108.19,106.38,,
2013-04-07,109.51,107.21,109.91,106.77,,
2013-04-14,108.23,109.51,109.51,106.79,,
2013-04-21,109.86,108.23,110.3,107.85,,
2013-04-28,111.08,109.86,111.36,109.45,,
2013-05-05,111.46,111.08,111.71,110.75,,
2013-05-12,114.15,111.46,114.15,110.94,,
2013-05-19,113.07,114.15,115.42,111.96,,
2013-05-26,111.14,113.08,114.59,111.14,,
2013-06-02,112.48,111.14,112.66,109.75,,
2013-06-09,111.82,112.48,112.84,110.63,,
2013-06-16,109.69,111.82,113.59,108.73,,
2013-06-23,110.79,109.69,111.88,107.81,,
2013-06-30,112.04,110.79,112.04,110.34,,
2013-07-07,115.04,112.04,115.1,112.04,,
2013-07-14,115.74,115.04,115.86,114.68,,
2013-07-21,115.67,115.74,116.17,114.58,,
2013-07-28,116.45,115.67,116.45,115.15,,
2013-08-04,115.19,116.45,116.45,114.75,,
2013-08-11,112.21,115.19,115.29,111.92,,
2013-08-18,112.62,112.21,112.72,110.82,,
2013-08-25,110.45,112.62,112.64,110.1,,
2013-09-01,110.94,110.68,111.57,109.9,,
2013-09-08,113.35,110.94,113.4,110.94,,
2013-09-15,114.8,113.35,116.33,113.35,,
2013-09-22,113.37,114.8,114.8,113.08,,
2013-09-29,112.89,113.37,113.47,111.86,,
2013-10-06,114.03,112.89,114.03,110.77,,
2013-10-13,116.52,114.03,116.59,113.33,,
2013-10-20,117.8,116.52,117.8,116.28,,
2013-10-27,118.21,117.8,119,117.57,,
2013-11-03,119.35,118.21,119.59,117.84,,
2013-11-10,120.58,119.35,120.58,118.49,,
2013-11-17,120.91,120.58,120.92,119.43,,
2013-11-24,120.11,120.91,121.1,119.99,,
2013-12-01,120.08,120.11,120.32,118.42,,
2013-12-08,118.05,120.08,120.55,117.79,,
2013-12-15,120.51,118.05,120.84,117.63,,
2013-12-22,122.1,120.51,122.26,120.51,,
2013-12-29,121.14,122.1,122.46,120.87,,
2014-01-05,121.33,121.14,121.68,120.56,,
2014-01-12,121,121.33,121.83,119.94,,
2014-01-19,117.84,121.64,121.64,117.84,,
2014-01-26,117.27,117.84,118.26,116.59,,
2014-02-02,117.39,117.27,117.47,114.32,,
2014-02-09,120.21,117.39,120.41,117.12,,
2014-02-16,119.75,119.35,120.46,119.07,,
2014-02-23,121.05,119.75,121.58,119.75,,
2014-03-02,121.92,121.05,122.12,119.52,,
2014-03-09,120.12,121.92,121.96,119.99,,
2014-03-16,121.98,120.12,123.02,120.12,,
2014-03-23,122.92,121.98,123.3,121.45,,
2014-03-30,123.58,122.92,125.22,122.92,,
2014-04-06,121.1,123.58,124.04,121.05,,
2014-04-13,124.02,121.1,124.28,120.97,,
2014-04-20,124.59,124.02,125.14,123.94,,
2014-04-27,125.63,124.59,126.34,124.54,,
2014-05-04,125.43,125.63,126.09,124.63,,
2014-05-11,125.3,125.43,126.44,124.56,,
2014-05-18,126.19,125.3,126.22,124.45,,
2014-05-25,127.69,126.19,127.73,126.19,,
2014-06-01,129,127.69,129.06,127.31,,
2014-06-08,128.53,129,129.36,127.72,,
2014-06-15,130.49,128.53,130.69,128.23,,
2014-06-22,130.03,130.49,130.64,129,,
2014-06-29,131.06,130.03,131.09,129.79,,
2014-07-06,130.37,131.06,131.07,129.64,,
2014-07-13,131.06,130.37,131.5,129.84,,
2014-07-20,130.95,131.06,131.6,130.19,,
2014-07-27,127.27,130.95,131.59,126.76,,
2014-08-03,127.49,127.27,128.04,125.88,,
2014-08-10,129,127.49,129.6,127.41,,
2014-08-17,130.77,129,131.28,129,,
2014-08-24,131.9,130.77,131.9,130.77,,
2014-08-31,131.94,131.45,131.97,130.86,,
2014-09-07,130.63,131.94,131.94,130.27,,
2014-09-14,132.49,130.63,132.97,130.41,,
2014-09-21,130.66,132.49,132.49,129.64,,
2014-09-28,129.55,130.66,130.79,127.33,,
2014-10-05,126.34,129.55,130.19,126.34,,
2014-10-12,124.88,126.34,126.9,121.01,,
2014-10-19,129.85,124.88,129.9,124.69,,
2014-10-26,133.2,129.85,133.22,129.08,,
2014-11-02,134.47,133.2,134.5,132.47,,
2014-11-09,135.01,134.47,135.48,134.23,,
2014-11-16,136.59,135.01,137.15,134.68,,
2014-11-23,136.49,136.59,137.04,136.26,,
2014-11-30,136.71,136.49,137.04,135.3,,
2014-12-07,131.1,136.71,136.71,131.1,,
2014-12-14,135.57,131.1,136.08,129.37,,
2014-12-21,137.11,135.57,137.35,135.57,,
2014-12-28,134.68,137.11,137.48,133.93,,
2015-01-04,134.23,134.68,135.48,130.81,,
2015-01-11,133.04,134.23,135.24,130.95,,
2015-01-18,134.56,131.53,135.7,131.28,,
2015-01-25,130.61,134.56,134.91,130.49,,
2015-02-01,134.29,130.61,135.4,130.01,,
2015-02-08,136.71,134.29,136.71,133.41,,
2015-02-15,136.92,136.31,136.92,135.42,,
2015-02-22,136.57,136.92,137.66,136.43,,
2015-03-01,133.59,136.57,137.06,133.29,,
2015-03-08,132.22,133.59,134.55,131.34,,
2015-03-15,135.24,132.22,135.74,132.22,,
2015-03-22,132.66,135.24,135.95,131.81,,
2015-03-29,133.23,132.66,134.58,132.24,,
2015-04-05,135.69,133.23,135.72,132.68,,
2015-04-12,134.69,135.69,136.61,134.14,,
2015-04-19,136.7,134.69,136.83,134.69,,
2015-04-26,136.71,136.7,137.28,135.3,,
2015-05-03,136.98,136.71,137.43,134.25,,
2015-05-10,137.19,136.98,137.19,134.94,,
2015-05-17,136.78,137.19,137.74,136.78,,
2015-05-24,135.74,137.38,137.38,135.29,,
2015-05-31,133.94,135.74,136.32,133.78,,
2015-06-07,134.09,133.94,135.49,133.13,,
2015-06-14,135.19,134.09,136.29,132.87,,
2015-06-21,134.46,135.19,136.43,134.05,,
2015-06-28,132.75,134.46,134.46,131.52,,
2015-07-05,132.83,132.75,133.46,130.93,,
2015-07-12,134.6,132.83,135.22,132.83,,
2015-07-19,131.18,134.6,134.69,131.03,,
2015-07-26,132.93,131.18,133.59,130.23,,
2015-08-02,131.61,132.93,133.56,131.21,,
2015-08-09,132.64,131.61,133.32,130.51,,
2015-08-16,125.71,132.64,133.12,125.71,,
2015-08-23,125.76,125.71,126.04,118.59,,
2015-08-30,121.5,125.76,125.76,120.63,,
2015-09-06,123.36,123.63,125.56,120.93,,
2015-09-13,123.53,123.36,127.32,122.6,,
2015-09-20,122.71,123.53,124.83,120.87,,
2015-09-27,124.32,122.71,124.32,120.02,,
2015-10-04,129.19,124.32,129.82,124.32,,
2015-10-11,130.42,129.19,130.44,127.69,,
2015-10-18,133.1,130.42,133.35,129.32,,
2015-10-25,132.74,133.1,133.71,131.74,,
2015-11-01,133.47,132.74,135.04,132.33,,
2015-11-08,129.33,133.47,133.47,129.22,,
2015-11-15,132.75,129.33,133.52,129.26,,
2015-11-22,132.87,132.75,133.33,131.8,,
2015-11-29,132.8,132.87,133.76,129.97,,
2015-12-06,128.19,132.8,132.8,128,,
2015-12-13,128.29,128.19,132.58,127.27,,
2015-12-20,132.05,128.29,132.44,128.22,,
2015-12-27,130.89,131.74,133.16,130.87,,
2016-01-03,123.92,130.89,130.89,123.7,,
2016-01-10,122.15,123.92,125.57,120.7,,
2016-01-17,123.45,124.66,124.66,117.91,,
2016-01-24,126.96,123.45,126.96,121.64,,
2016-01-31,124.63,126.96,127.11,123.04,,
2016-02-07,124.07,124.63,124.86,120.63,,
2016-02-14,127.03,121.73,127.66,121.73,,
2016-02-21,128.07,127.03,129.4,125.2,,
2016-02-28,131.57,128.07,131.97,127.13,,
2016-03-06,133.22,131.57,133.28,130.41,,
2016-03-13,134.93,133.22,135.2,131.95,,
2016-03-20,133.97,134.93,135.19,133.03,,
2016-03-27,135.67,133.97,135.98,133.35,,
2016-04-03,134.22,135.67,135.67,133.19,,
2016-04-10,136.02,134.22,136.35,133.88,,
2016-04-17,136.55,136.02,137.99,135.55,,
2016-04-24,135.82,136.55,137.81,135.03,,
2016-05-01,135.3,135.82,136.84,134.19,,
2016-05-08,134.75,135.3,136.81,134.5,,
2016-05-15,134.55,134.75,136.24,132.95,,
2016-05-22,137.37,134.55,137.37,134.17,,
2016-05-29,137.79,136.86,137.99,136.52,,
2016-06-05,138.15,137.79,139.27,137.7,,
2016-06-12,137.16,138.15,138.15,135.48,,
2016-06-19,135.51,137.16,139.91,135.16,,
2016-06-26,139.95,135.51,140.1,132.95,,
2016-07-03,141.23,139.88,141.35,137.98,,
2016-07-10,143.49,141.23,143.91,141.23,,
2016-07-17,144.1,143.49,144.1,143.03,,
2016-07-24,143.04,144.1,144.1,142.06,,
2016-07-31,142.76,143.04,143.05,141.19,,
2016-08-07,142.59,142.76,142.98,141.88,,
2016-08-14,142.36,142.59,143.19,141.38,,
2016-08-21,141.56,142.36,143.05,141.12,,
2016-08-28,142.61,141.56,142.84,141.06,,
2016-09-04,139.36,141.93,143.11,139.36,,
2016-09-11,139.43,139.36,141.57,138.29,,
2016-09-18,141.08,139.43,141.97,139.35,,
2016-09-25,141.1,141.08,141.54,139.55,,
2016-10-02,140.08,141.1,141.1,139.21,,
2016-10-09,138.64,140.08,140.98,137.6,,
2016-10-16,138.49,138.64,139.28,138.05,,
2016-10-23,138.77,138.49,139.7,138.31,,
2016-10-30,136.46,138.77,139.41,136.46,,
2016-11-06,141.97,136.46,142.68,136.46,,
2016-11-13,142.85,141.97,143.2,141.73,,
2016-11-20,145.08,142.85,145.08,142.85,,
2016-11-27,144.06,145.08,145.08,143.73,,
2016-12-04,148.41,144.06,148.44,144.06,,
2016-12-11,148.86,148.41,149.84,147.75,,
2016-12-18,149.5,148.86,149.9,148.81,,
2016-12-25,148.09,149.37,149.89,147.79,,
2017-01-01,148.98,148.64,149.72,147.79,,
2017-01-08,148.09,148.98,148.98,146.98,,
2017-01-15,147.93,147.9,148.39,146.94,,
2017-01-22,149.07,147.93,149.45,146.92,,
2017-01-29,148.63,149.07,149.07,146.88,,
2017-02-05,149.38,148.63,149.58,147.76,,
2017-02-12,151.6,149.38,151.6,149.38,,
2017-02-19,153.02,151.38,153.02,150.82,,
2017-02-26,153.73,153.02,154.9,152.41,,
2017-03-05,153.03,153.73,153.73,151.79,,
2017-03-12,153.35,153.03,154.01,151.95,,
2017-03-19,151.14,153.35,153.48,150.7,,
2017-03-26,151.87,151.14,152.48,150.04,,
2017-04-02,151.22,151.87,152.97,150.71,,
2017-04-09,149.51,151.22,151.86,149.51,,
2017-04-16,149.96,149.51,150.75,149.47,,
2017-04-23,151.5,149.96,152.93,149.96,,
2017-04-30,151.84,151.5,151.84,150.63,,
2017-05-07,150.3,151.84,151.84,150.05,,
2017-05-14,149.87,150.3,151.28,148.11,,
2017-05-21,151.51,149.87,151.74,149.87,,
2017-05-28,153,151.54,153.1,151.12,,
2017-06-04,153.45,153,153.46,152.05,,
2017-06-11,154.43,153.45,154.43,153.29,,
2017-06-18,153.71,154.43,155.12,153.23,,
2017-06-25,152.82,153.71,154.43,151.88,,
2017-07-02,152.65,152.82,154.17,151.88,,
2017-07-09,154.04,152.65,154.36,151.57,,
2017-07-16,154.56,154.04,155.08,153.42,,
2017-07-23,154.75,154.56,155.23,153.92,,
2017-07-30,155.11,154.75,155.38,154.51,,
2017-08-06,153.17,155.11,155.72,153.02,,
2017-08-13,151.89,153.17,154.84,151.58,,
2017-08-20,153.22,151.89,153.75,151.53,,
2017-08-27,154.57,153.22,154.78,152.46,,
2017-09-03,153.95,154.19,154.78,152.87,,
2017-09-10,157.17,153.95,157.17,153.95,,
2017-09-17,157.91,157.17,158.22,157.17,,
2017-09-24,158.53,157.91,158.53,157.43,,
2017-10-01,160.07,158.53,160.46,158.41,,
2017-10-08,160.74,160.07,161.26,159.79,,
2017-10-15,162.51,160.74,162.51,160.62,,
2017-10-22,162.03,162.51,162.82,160.46,,
2017-10-29,161.6,162.03,162.03,160.58,,
2017-11-05,160.79,161.6,161.7,160.14,,
2017-11-12,160.49,160.79,161.25,159.62,,
2017-11-19,161.52,160.49,161.74,160.37,,
2017-11-26,165.25,161.52,166.12,161.45,,
2017-12-03,165.81,165.25,166.81,164.49,,
2017-12-10,167.3,165.81,167.59,165.71,,
2017-12-17,167.57,167.3,168.71,167.12,,
2017-12-24,167.25,167.52,168.27,167.25,,
2017-12-31,170.04,167.93,170.07,167.25,,
2018-01-07,172.32,170.04,172.45,169.61,,
2018-01-14,173.57,171.33,173.94,171.28,,
2018-01-21,177.6,173.57,177.6,173.53,,
2018-01-28,170.25,177.6,177.6,170.08,,
2018-02-04,161.59,170.25,170.25,156.71,,
2018-02-11,167.57,161.59,168.98,161.59,,
2018-02-18,167.64,167.41,168.98,164.63,,
2018-02-25,164.07,167.64,170.43,161.91,,
2018-03-04,168.87,164.07,168.87,163.27,,
2018-03-11,166.65,168.87,169.57,165.72,,
2018-03-18,157.14,166.65,166.65,156.99,,
2018-03-25,161.33,157.14,162.36,157.14,,
2018-04-01,159.54,161.33,163.24,156.08,,
2018-04-08,162.49,159.54,163.7,159.54,,
2018-04-15,162.34,162.49,165.32,161.76,,
2018-04-22,162.85,162.34,163.59,159.95,,
2018-04-29,161.04,162.85,163.66,157.29,,
2018-05-06,164.29,161.04,164.57,160.04,,
2018-05-13,163.68,164.29,165.11,163.19,,
2018-05-20,163.86,163.68,165.67,163.31,,
2018-05-27,164.62,164.5,164.8,161.31,,
2018-06-03,167.1,164.62,167.12,164.62,,
2018-06-10,165.71,167.1,167.53,164.51,,
2018-06-17,163.97,165.71,165.71,162.84,,
2018-06-24,162.25,163.97,163.97,161.1,,
2018-07-01,164.49,162.25,164.79,161.06,,
2018-07-08,165.51,164.49,166.56,164.49,,
2018-07-15,165.13,165.51,166.18,164.88,,
2018-07-22,167.55,165.13,168.39,164.62,,
2018-07-29,168.91,167.55,168.94,166.55,,
2018-08-05,167.64,168.91,169.81,167.22,,
2018-08-12,169.88,167.64,170.24,166.02,,
2018-08-19,170.09,169.88,171.01,169.14,,
2018-08-26,169.98,170.09,171.35,169.29,,
2018-09-02,169.69,170.17,170.74,169.03,,
2018-09-09,170.86,169.69,170.98,169.34,,
2018-09-16,173.38,170.86,173.54,170.6,,
2018-09-23,170.2,173.38,173.38,169.64,,
2018-09-30,170.96,170.2,172.59,170.2,,
2018-10-07,163.65,170.96,172.02,161.78,,
2018-10-14,164.97,163.65,166.76,163.36,,
2018-10-21,158.86,164.97,165.35,157.66,,
2018-10-28,163.06,158.86,164.72,157.62,,
2018-11-04,166.94,163.06,168.36,163.06,,
2018-11-11,165.87,166.94,166.94,162.2,,
2018-11-18,161.1,165.87,166.29,160.91,,
2018-11-25,167.65,161.1,167.69,161.1,,
2018-12-02,160.43,167.65,169.16,159.36,,
2018-12-09,158,160.43,162.37,157.23,,
2018-12-16,148.71,158,158.21,148.37,,
2018-12-23,151.35,148.71,153.27,143.34,,
2018-12-30,154.36,151.35,154.51,149.87,,
2019-01-06,157.23,154.36,157.23,153.54,,
2019-01-13,160.46,157.23,160.65,155.81,,
2019-01-20,159.43,158.32,160.65,157.75,,
2019-01-27,162.12,159.43,162.44,157.4,,
2019-02-03,161.87,162.12,163.23,160.34,,
2019-02-10,165.75,161.87,165.76,161.53,,
2019-02-17,167.12,163.57,167.22,163.57,,
2019-02-24,167.65,167.12,168.23,166.47,,
2019-03-03,164.3,167.65,168.31,163.21,,
2019-03-10,167.79,164.3,168.11,164.3,,
2019-03-17,165.54,167.79,169.23,165.42,,
2019-03-24,167.44,165.54,167.53,164.6,,
2019-03-31,170.18,167.44,170.18,167.44,,
2019-04-07,170.82,170.18,170.98,168.88,,
2019-04-14,171.05,170.82,172.14,170.35,,
2019-04-21,170.77,171.05,171.87,169.6,,
2019-04-28,171.4,170.77,172.09,169.28,,
2019-05-05,168.14,171.4,171.4,165.09,,
2019-05-12,167.22,168.14,168.71,164.41,,
2019-05-19,165.9,167.22,168.05,164.77,,
2019-05-26,160.38,165.73,166.49,160.25,,
2019-06-02,167.74,160.38,168.59,160.38,,
2019-06-09,168.41,167.74,169.26,167.74,,
2019-06-16,171.12,168.41,171.7,167.96,,
2019-06-23,170.62,171.12,171.41,169.03,,
2019-06-30,172.88,170.62,173.23,170.62,,
2019-07-07,173,172.88,173.01,171.31,,
2019-07-14,171.64,173,173.23,171.23,,
2019-07-21,173.88,171.64,173.98,171.09,,
2019-07-28,168.77,173.88,174.16,168,,
2019-08-04,167.6,168.77,168.77,162.83,,
2019-08-11,165.64,167.6,168.81,162.04,,
2019-08-18,163.22,165.64,168.1,162.49,,
2019-08-25,167.39,164.77,168.1,163.69,,
2019-09-01,170.63,167,171.1,165.45,,
2019-09-08,173.91,170.63,174.63,170.63,,
2019-09-15,173.16,173.91,174.17,172.24,,
2019-09-22,172.79,173.16,173.88,171.87,,
2019-09-29,171.15,172.79,174.07,166.16,,
2019-10-06,171.48,171.15,172.81,167.54,,
2019-10-13,172.31,171.48,172.95,170.94,,
2019-10-20,174.29,172.31,174.56,172.31,,
2019-10-27,176.17,174.29,176.17,173.62,,
2019-11-03,178.14,176.17,178.5,176.17,,
2019-11-10,177.94,178.14,178.14,176.33,,
2019-11-17,177.47,177.94,178.07,175.95,,
2019-11-24,178.13,177.47,178.98,177.47,,
2019-12-01,179.01,178.13,179.46,174.89,,
2019-12-08,180.27,179.01,181.29,178.13,,
2019-12-15,183.09,180.27,183.44,180.27,,
2019-12-22,183.41,183.09,183.7,182.72,,
2019-12-29,182.12,183.41,183.76,181.96,,
2020-01-05,181.85,182.12,182.91,181.18,,
2020-01-12,184.92,181.85,184.94,181.85,,
2020-01-19,182.58,184.42,184.94,181.76,,
2020-01-26,178.04,182.58,182.58,177.46,,
2020-02-02,182.42,178.04,184.05,178.04,,
2020-02-09,183.3,182.42,184.65,181.96,,
2020-02-16,181.71,183.55,183.64,181.09,,
2020-02-23,160.17,181.71,181.71,155.89,,
2020-03-01,162.26,160.17,170.18,158.81,,
2020-03-08,145.56,162.26,162.26,133.13,,
2020-03-15,124.36,145.56,145.56,123.75,,
2020-03-22,136.2,124.36,140.68,117.36,,
2020-03-29,134.46,136.2,141.12,131,,
2020-04-05,150.26,134.46,152.34,134.46,,
2020-04-12,151.7,150.26,152.06,144.82,,
2020-04-19,149.09,151.7,151.7,144.34,,
2020-04-26,147.53,149.09,156.18,147.01,,
2020-05-03,150.19,147.53,150.23,145.61,,
2020-05-10,145.41,150.19,150.27,140.79,,
2020-05-17,149.14,145.41,151.49,145.41,,
2020-05-24,155.38,149.26,156.81,148.11,,
2020-05-31,165.16,155.38,166.82,154.47,,
2020-06-07,154.16,165.16,167.98,151.35,,
2020-06-14,155.58,154.16,160.05,150.05,,
2020-06-21,149.57,155.58,157.3,148.97,,
2020-06-28,154.03,149.57,156.15,149.57,,
2020-07-05,154.26,154.03,156.48,150.17,,
2020-07-12,158.92,154.26,159.6,153.54,,
2020-07-19,158.74,158.92,161.4,157.52,,
2020-07-26,158.04,158.74,160.33,155.99,,
2020-08-02,161.52,158.04,161.52,157.67,,
2020-08-09,163.1,161.52,165.45,161.52,,
2020-08-16,160.46,163.1,163.25,159.67,,
2020-08-23,163.82,160.46,163.88,160.46,,
2020-08-30,162.24,163.82,166.69,160.35,,
2020-09-06,159.4,162.02,163.94,157.87,,
2020-09-13,159.82,159.4,163.23,159.03,,
2020-09-20,155.58,159.82,159.82,152.37,,
2020-09-27,157.99,155.58,159.25,155.58,,
2020-10-04,163.93,157.99,164.94,157.99,,
2020-10-11,163.67,163.93,165.66,161.23,,
2020-10-18,163.23,163.67,164.33,161.05,,
2020-10-25,154.74,163.23,163.23,151.86,,
2020-11-01,161.99,154.74,163.66,154.74,,
2020-11-08,170.71,161.99,171.36,161.99,,
2020-11-15,170.51,170.71,173.88,169.51,,
2020-11-22,175.28,170.51,176.7,170.51,,
2020-11-29,178.47,175.28,178.48,172.87,,
2020-12-06,177.29,178.47,179.37,176.04,,
2020-12-13,177.22,177.29,178.67,175.39,,
2020-12-20,176.43,177.22,177.22,173.86,,
2020-12-27,178.71,176.43,178.84,176.12,,
2021-01-03,183.39,178.71,184.34,174.89,,
2021-01-10,184.4,183.39,187.27,182.29,,
2021-01-17,183.24,186.36,186.36,182.13,,
2021-01-24,177.18,183.24,184.39,176.49,,
2021-01-31,183.92,177.18,184.61,177.18,,
2021-02-07,186.02,183.92,186.2,183.9,,
2021-02-14,187.07,185.09,187.63,184.62,,
2021-02-21,184.76,187.07,191.23,184.35,,
2021-02-28,190.35,184.76,190.86,184.06,,
2021-03-07,195.95,190.35,196.04,190.35,,
2021-03-14,194.46,195.95,197.77,192.92,,
2021-03-21,198.56,194.46,198.71,191.41,,
2021-03-28,198.15,198.56,198.87,196.32,,
2021-04-04,199.66,198.15,200.14,198,,
2021-04-11,201.65,199.66,202.07,197.98,,
2021-04-18,200.99,201.65,201.7,199.02,,
2021-04-25,201.64,200.99,203.15,200.18,,
2021-05-02,208.99,201.64,209.18,201.64,,
2021-05-09,208.7,208.99,211.38,203.24,,
2021-05-16,207.11,208.7,209.33,202.86,,
2021-05-23,207.21,207.11,208.44,205.54,,
2021-05-30,209.27,207.13,209.42,206.89,,
2021-06-06,208.05,209.27,209.44,207.29,,
2021-06-13,198.89,208.05,208.05,198.86,,
2021-06-20,204.8,198.89,205.07,198.89,,
2021-06-27,205.92,204.8,206.14,203.09,,
2021-07-04,205.06,205.54,206.14,201.03,,
2021-07-11,202.74,205.06,205.9,202.51,,
2021-07-18,204.05,202.74,204.21,197.73,,
2021-07-25,204.99,204.05,206.46,203.05,,
2021-08-01,207.11,204.99,207.58,203.83,,
2021-08-08,210.25,207.11,210.51,206.31,,
2021-08-15,207.41,210.25,210.63,205.13,,
2021-08-22,209.55,207.41,209.88,207.41,,
2021-08-29,208.71,209.55,209.88,207.39,,
2021-09-05,204.42,209.32,209.32,204.4,,
2021-09-12,203.15,204.42,206.74,202.95,,
2021-09-19,204.52,203.15,205.22,197.88,,
2021-09-26,203.8,204.52,206.72,201.01,,
2021-10-03,206.42,203.8,207.75,202.25,,
2021-10-10,208.82,206.42,209.7,202.31,,
2021-10-17,211.61,208.82,212.01,207.44,,
2021-10-24,211.06,211.61,212.86,209.38,,
2021-10-31,214.66,211.06,215.43,211.06,,
2021-11-07,214.79,214.66,215.73,213.61,,
2021-11-14,211.42,214.79,215.98,211.28,,
2021-11-21,209.86,211.42,215.11,208.91,,
2021-11-28,208.23,209.86,211.69,204.43,,
2021-12-05,213.35,208.23,213.57,208.23,,
2021-12-12,213.01,213.35,217.84,211.86,,
2021-12-19,215.77,213.01,216.57,209.33,,
2021-12-26,218.91,215.77,220.09,215.77,,
2022-01-02,223.49,218.91,224.91,218.49,,
2022-01-09,223.62,223.49,225.61,221.57,,
2022-01-16,214.23,223.89,223.89,213.74,,
2022-01-23,215.91,214.23,217.53,208.21,,
2022-01-30,218.54,215.91,221.39,214.21,,
2022-02-06,216.94,218.54,221.95,216.24,,
2022-02-13,214.33,216.94,218.28,213.39,,
2022-02-20,214.76,214.91,215.72,204.18,,
2022-02-27,215,214.76,216.44,209.05,,
2022-03-06,210.45,215,215,209.54,,
2022-03-13,217.76,210.45,217.87,209.88,,
2022-03-20,221.68,217.76,221.7,217.23,,
2022-03-27,219.88,221.68,223.14,217.83,,
2022-04-03,221.01,219.88,221.84,217.14,,
2022-04-10,218.97,221.01,221.5,218.11,,
2022-04-17,215.56,218.97,225.04,215.4,,
2022-04-24,209.42,215.56,216.44,209.12,,
2022-05-01,213.14,209.42,218.06,206.41,,
2022-05-08,210.13,213.14,213.14,204.35,,
2022-05-15,205.54,210.13,214.29,201.55,,
2022-05-22,217.79,205.54,217.8,205.54,,
2022-05-29,214.77,214.65,217.8,212.22,,
2022-06-05,206,214.77,217.46,205.75,,
2022-06-12,192.27,206,206,191.21,,
2022-06-19,201.73,193.5,201.8,191.21,,
2022-06-26,200.63,201.73,204.8,196.58,,
2022-07-03,199.98,198.48,200.98,194.58,,
2022-07-10,198.92,199.98,200.09,192.7,,
2022-07-17,201.32,198.92,202.77,197.09,,
2022-07-24,207.22,201.32,207.58,201.32,,
2022-07-31,205.72,207.22,207.51,203.96,,
2022-08-07,212.96,205.72,212.98,205.54,,
2022-08-14,212.87,212.96,215.23,210.94,,
2022-08-21,206.44,212.87,212.87,206.44,,
2022-08-28,200.84,206.82,207.05,199.49,,
2022-09-04,206.64,202.34,207.15,199.29,,
2022-09-11,199.63,206.64,209.18,198.09,,
2022-09-18,190.84,199.63,200.92,188.63,,
2022-09-25,185.15,190.84,191.91,185.09,,
2022-10-02,189.03,185.15,196.36,185.15,,
2022-10-09,189.74,189.03,195.12,184.65,,
2022-10-16,197.61,189.74,197.95,189.74,,
2022-10-23,208.17,197.61,208.26,197.61,,
2022-10-30,207.53,208.17,210.4,202.37,,
2022-11-06,214.54,207.53,214.93,206.62,,
2022-11-13,214.51,214.54,216.19,210.79,,
2022-11-20,218.45,214.51,218.83,213.52,,
2022-11-27,219.24,218.45,220.73,214,,
2022-12-04,212.38,219.24,219.24,212.05,,
2022-12-11,209.34,212.38,219.72,207.8,,
2022-12-18,211.67,209.34,212.26,207.07,,
2022-12-25,211.5,210.02,212.94,209.47,,
2023-01-01,216.37,212.06,216.89,209.53,,
2023-01-08,217.63,216.37,217.91,213.44,,
2023-01-15,212.57,216.88,217.91,209.65,,
2023-01-22,215.12,212.57,216.16,211.98,,
2023-01-29,215,215.12,217.93,213.12,,
2023-02-05,214.46,215,216.34,211.77,,
2023-02-12,213.48,214.46,216.71,211.93,,
2023-02-19,209.16,213.33,213.79,207.34,,
2023-02-26,210.92,209.16,211.12,206.5,,
2023-03-05,200.62,210.92,211.49,199.65,,
2023-03-12,197.04,200.62,202.07,196,,
2023-03-19,198.59,197.04,202.31,195.12,,
2023-03-26,206.01,198.59,206.05,198.59,,
2023-04-02,206.65,206.01,208.04,204.65,,
2023-04-09,208.81,206.65,210.07,205.75,,
2023-04-16,208.55,208.81,210.19,207.8,,
2023-04-23,208.2,208.55,209.28,203.63,,
2023-04-30,203.64,208.08,208.08,199.49,,
2023-05-07,200.94,203.64,204.19,199.84,,
2023-05-14,201.54,200.94,202.88,198.55,,
2023-05-21,198.83,201.54,202.38,196.16,,
2023-05-28,201.84,197.48,202.16,195.74,,
2023-06-04,203.84,201.84,204.74,200.5,,
2023-06-11,207.47,203.84,208.66,203.5,,
2023-06-18,202.29,207.48,208.66,201.94,,
2023-06-25,207.18,202.29,207.63,201.96,,
2023-07-02,204.64,207.18,208.41,203.81,,
2023-07-09,207.95,204.64,209.74,204.64,,
2023-07-16,213.62,207.95,214.11,207,,
2023-07-23,214.67,213.62,215.94,213.41,,
2023-07-30,211.32,214.67,215.6,211.13,,
2023-08-06,212.33,211.32,213.74,210.02,,
2023-08-13,207.72,212.33,212.33,206.5,,
2023-08-20,206.72,207.72,208.41,205.24,,
2023-08-27,209.65,206.72,210.48,206.72,,
2023-09-03,207.45,208.97,210.48,205.72,,
2023-09-10,208.91,207.45,210.85,207.45,,
2023-09-17,204.29,208.91,209.84,204.19,,
2023-09-24,201.59,204.29,204.86,200.78,,
2023-10-01,197.53,201.59,201.59,193.97,,
2023-10-08,199.73,197.53,201.74,197.37,,
2023-10-15,197.16,199.73,203.34,197.14,,
2023-10-22,192.3,197.16,197.49,191.72,,
2023-10-29,202.07,192.3,202.9,192.3,,
2023-11-05,199.69,202.07,202.39,197.51,,
2023-11-12,204.47,199.69,204.91,198.8,,
2023-11-19,205.91,204.47,206.09,203.69,,
2023-11-26,209.07,205.91,209.13,204.64,,
2023-12-03,208.59,209.07,209.71,207.2,,
2023-12-10,215.67,208.59,217.58,208.59,,
2023-12-17,216.9,215.67,217.86,214.2,,
2023-12-24,218.08,215.94,218.89,215.94,,
2023-12-31,218.48,218.47,220.17,217.24,,
2024-01-07,217.66,218.48,219.71,216.1,,
2024-01-14,217.64,217.39,218.95,213.65,,
2024-01-21,220.36,217.64,220.79,217.64,,
2024-01-28,220.51,220.36,221.94,218.26,,
2024-02-04,219.9,220.51,220.51,218.19,,
2024-02-11,221.64,219.9,222.76,216.81,,
2024-02-18,224.81,222.28,225.5,221.07,,
2024-02-25,225.66,224.81,225.83,223.46,,
2024-03-03,227.86,225.66,229.08,225.35,,
2024-03-10,228.04,227.86,230.5,227.03,,
2024-03-17,232.21,228.04,234.07,227.88,,
2024-03-24,236.08,232.21,236.46,231.34,,
2024-03-31,232.45,236.08,236.21,230.78,,
2024-04-07,226.06,232.45,233.57,225.56,,
2024-04-14,225.7,226.06,228.77,222.75,,
2024-04-21,228.6,225.7,229.88,225.54,,
2024-04-28,228,228.6,229.78,225.39,,
2024-05-05,233.06,228,233.32,228,,
2024-05-12,236.02,233.06,236.2,232.8,,
2024-05-19,231.82,236.02,236.16,230.68,,
2024-05-26,232.58,230.93,232.68,227.58,,
2024-06-02,230.6,232.58,232.78,229.23,,
2024-06-09,229.41,230.6,231.93,227.9,,
2024-06-16,232.17,229.41,233.16,228.83,,
2024-06-23,231.63,232.17,234.68,229.81,,
2024-06-30,231.45,231.63,233.33,230.59,,
2024-07-07,236.96,231.45,238.29,231.25,,
2024-07-14,238.7,236.96,243.75,236.96,,
2024-07-21,240.78,238.7,241.45,236.93,,
2024-07-28,235.12,240.78,243.69,232.93,,
2024-08-04,234.43,235.12,235.12,228.68,,
2024-08-11,240.7,234.43,240.81,232.91,,
2024-08-18,244.58,240.7,244.68,240.7,,
2024-08-25,247.58,244.58,247.73,243.23,,
2024-09-01,238.93,245.14,247.73,238.71,,
2024-09-08,244.47,238.93,244.62,236.52,,
2024-09-15,248.05,244.47,249.09,244.47,,
2024-09-22,249.43,248.05,250.69,247.4,,
2024-09-29,251.16,249.43,251.22,248.06,,
2024-10-06,253.78,251.16,253.97,248.65,,
2024-10-13,256.27,253.78,257.01,253.51,,
2024-10-20,250.39,256.27,256.27,250.25,,
2024-10-27,248.46,250.39,252.23,248.28,,
2024-11-03,257.96,248.46,258.68,247.38,,
2024-11-10,254.2,257.96,259.79,253.69,,
2024-11-17,259.91,254.2,260.05,252.93,,
2024-11-24,261.63,259.91,262.45,259.91,,
2024-12-01,257.84,261.63,261.9,257.15,,
2024-12-08,255.83,257.84,258.3,253.33,,
2024-12-15,248.41,255.83,257.27,245.22,,
2024-12-22,251.2,248.41,253,247.1,,
2024-12-29,250.71,251.2,251.57,247.2,,
2025-01-05,246.1,250.71,252.5,245.7,,
2025-01-12,256.86,246.1,257.27,245.58,,
2025-01-19,259.51,254.97,260.22,254.97,,
2025-01-26,258.05,259.51,260.51,256.38,,
2025-02-02,257.86,258.05,260.7,254.05,,
2025-02-09,260.4,257.86,261.85,257.78,,
2025-02-16,259.45,261.05,262.88,259.18,,
2025-02-23,260.68,259.45,260.84,256.53,,
2025-03-02,255.07,260.68,261.95,250.3,,
2025-03-09,249.36,255.07,255.07,244.79,,
2025-03-16,250.88,249.36,253.71,248.93,,
2025-03-23,249.13,250.88,254.18,248.59,,
2025-03-30,228.15,249.13,253.02,227.87,,
2025-04-06,236.34,228.15,240.25,218.9,,
2025-04-13,235.72,236.34,240.57,233.52,,
2025-04-20,240.44,235.72,241.8,229.03,,
2025-04-27,245.47,240.77,245.93,237.73,,
2025-05-04,244.89,245.47,247.55,241.93,,
2025-05-11,253.02,244.89,253.02,244.89,,
2025-05-18,247.17,253.02,253.79,245.5,,
2025-05-25,250.94,247.53,251.53,245.5,,
2025-06-01,253.37,250.94,254.35,248.74,,
2025-06-08,253.5,253.37,256.15,252.77,,
2025-06-15,253.27,253.5,255.68,252.38,,
2025-06-22,258.8,253.27,259.72,252.23,,
2025-06-29,265.02,258.8,265.29,258.8,,
2025-07-06,263.19,265.02,265.2,261.86,,
2025-07-13,262.62,263.19,263.89,258.95,,
2025-07-20,266.2,262.62,266.43,262.35,,
2025-07-27,259.1,266.2,266.39,257.31,,
2025-08-03,263.7,259.1,264.31,259.1,,
2025-08-10,266.62,263.7,268.1,262.65,,
2025-08-17,270.8,266.62,271.61,266.06,,
2025-08-24,270.48,270.8,271.07,268.57,,
2025-08-31,271.11,270.75,273.84,267.35,,
2025-09-07,274.51,271.11,276.1,269.99,,
2025-09-14,274.2,274.51,275.61,272.63,,
2025-09-21,274.91,274.2,275.81,272.22,,
2025-09-28,276.18,274.91,277.44,273.06,,
2025-10-05,267.98,276.18,276.86,267.97,,
2025-10-12,273.04,267.98,276.93,267.98,,
2025-10-19,276.01,273.04,277.01,272.96,,
2025-10-26,273.85,276.01,277.68,272.45,,
,,,,,,
,,,,,,
,,,,,,
,,,,,,
,,,,,,
,,,,,,
,,,,,,
,,,,,,
,,,,,,
,,,,,,
,,,,,,
